,dj,location,timestamp_start,song,timestamp_end,video_name,audio_path,bpm,energy,danceability,key,scale,loudness
0,AZYR,Teletech,7,Smac U - The intro,102.0,"AZYR  Boiler Room x Teletech Festival 2023 - Boiler Room (720p, h264)","/Users/fokia/CentraleSupelec-CV-and-RL-project/audio/AZYR  Boiler Room x Teletech Festival 2023 - Boiler Room (720p, h264).mp3",155.1814422607422,64804.484375,1.0798448324203491,C,minor,1674.0771484375
1,AZYR,Teletech,102,Ventur - Bring that beat (Alex Farell Remix),275.0,"AZYR  Boiler Room x Teletech Festival 2023 - Boiler Room (720p, h264)","/Users/fokia/CentraleSupelec-CV-and-RL-project/audio/AZYR  Boiler Room x Teletech Festival 2023 - Boiler Room (720p, h264).mp3",161.54547119140625,217389.75,1.1832597255706787,A,minor,3766.606689453125
2,AZYR,Teletech,275,Sikoti - You can’t hide,395.0,"AZYR  Boiler Room x Teletech Festival 2023 - Boiler Room (720p, h264)","/Users/fokia/CentraleSupelec-CV-and-RL-project/audio/AZYR  Boiler Room x Teletech Festival 2023 - Boiler Room (720p, h264).mp3",156.47679138183594,162514.375,1.1633449792861938,E,major,3099.54248046875
3,AZYR,Teletech,395,Sikoti - Bang bang bang,519.0,"AZYR  Boiler Room x Teletech Festival 2023 - Boiler Room (720p, h264)","/Users/fokia/CentraleSupelec-CV-and-RL-project/audio/AZYR  Boiler Room x Teletech Festival 2023 - Boiler Room (720p, h264).mp3",156.42019653320312,99513.1171875,0.9796500205993652,F,major,2231.412841796875
4,AZYR,Teletech,519,Byørn - Underground hour,706.0,"AZYR  Boiler Room x Teletech Festival 2023 - Boiler Room (720p, h264)","/Users/fokia/CentraleSupelec-CV-and-RL-project/audio/AZYR  Boiler Room x Teletech Festival 2023 - Boiler Room (720p, h264).mp3",156.06533813476562,162230.390625,0.9437419772148132,Bb,major,3095.912353515625
5,AZYR,Teletech,706,Veseli - Scream,822.0,"AZYR  Boiler Room x Teletech Festival 2023 - Boiler Room (720p, h264)","/Users/fokia/CentraleSupelec-CV-and-RL-project/audio/AZYR  Boiler Room x Teletech Festival 2023 - Boiler Room (720p, h264).mp3",161.57339477539062,98694.0234375,1.1236287355422974,C,major,2219.090087890625
6,AZYR,Teletech,822,Nyco - Kick the speaker,985.0,"AZYR  Boiler Room x Teletech Festival 2023 - Boiler Room (720p, h264)","/Users/fokia/CentraleSupelec-CV-and-RL-project/audio/AZYR  Boiler Room x Teletech Festival 2023 - Boiler Room (720p, h264).mp3",156.3228759765625,137509.4375,0.9289127588272095,G,minor,2771.295654296875
7,AZYR,Teletech,985,Luciid - Green Street (unreleased),1119.0,"AZYR  Boiler Room x Teletech Festival 2023 - Boiler Room (720p, h264)","/Users/fokia/CentraleSupelec-CV-and-RL-project/audio/AZYR  Boiler Room x Teletech Festival 2023 - Boiler Room (720p, h264).mp3",156.53021240234375,144723.578125,1.0069174766540527,C,minor,2867.8828125
8,AZYR,Teletech,1119,APHØTIC - Real lies,1287.0,"AZYR  Boiler Room x Teletech Festival 2023 - Boiler Room (720p, h264)","/Users/fokia/CentraleSupelec-CV-and-RL-project/audio/AZYR  Boiler Room x Teletech Festival 2023 - Boiler Room (720p, h264).mp3",156.3391876220703,120238.609375,0.9936018586158752,C#,minor,2532.967041015625
9,AZYR,Teletech,1287,Alignment - Close your eyes,1457.0,"AZYR  Boiler Room x Teletech Festival 2023 - Boiler Room (720p, h264)","/Users/fokia/CentraleSupelec-CV-and-RL-project/audio/AZYR  Boiler Room x Teletech Festival 2023 - Boiler Room (720p, h264).mp3",156.16468811035156,132995.640625,1.0162402391433716,Eb,major,2710.011474609375
10,AZYR,Teletech,1457,Remon Verhoeve - Patriotic,1634.0,"AZYR  Boiler Room x Teletech Festival 2023 - Boiler Room (720p, h264)","/Users/fokia/CentraleSupelec-CV-and-RL-project/audio/AZYR  Boiler Room x Teletech Festival 2023 - Boiler Room (720p, h264).mp3",156.60552978515625,137024.34375,1.0225768089294434,F,minor,2764.74169921875
11,AZYR,Teletech,1634,Juul Exler - Intrude,1783.0,"AZYR  Boiler Room x Teletech Festival 2023 - Boiler Room (720p, h264)","/Users/fokia/CentraleSupelec-CV-and-RL-project/audio/AZYR  Boiler Room x Teletech Festival 2023 - Boiler Room (720p, h264).mp3",156.43675231933594,82718.6953125,1.0347261428833008,D,minor,1971.4898681640625
12,AZYR,Teletech,1783,Prax - 1995,1908.0,"AZYR  Boiler Room x Teletech Festival 2023 - Boiler Room (720p, h264)","/Users/fokia/CentraleSupelec-CV-and-RL-project/audio/AZYR  Boiler Room x Teletech Festival 2023 - Boiler Room (720p, h264).mp3",156.49612426757812,104881.359375,0.9142543077468872,C,minor,2311.36181640625
13,AZYR,Teletech,1908,Fiisher - Just a dream,2090.0,"AZYR  Boiler Room x Teletech Festival 2023 - Boiler Room (720p, h264)","/Users/fokia/CentraleSupelec-CV-and-RL-project/audio/AZYR  Boiler Room x Teletech Festival 2023 - Boiler Room (720p, h264).mp3",161.59136962890625,165661.59375,1.0181007385253906,F,major,3139.6318359375
14,AZYR,Teletech,2090,Alex Farell - Jungle boy,2235.0,"AZYR  Boiler Room x Teletech Festival 2023 - Boiler Room (720p, h264)","/Users/fokia/CentraleSupelec-CV-and-RL-project/audio/AZYR  Boiler Room x Teletech Festival 2023 - Boiler Room (720p, h264).mp3",161.74925231933594,119877.5,0.9912108182907104,F,minor,2527.86767578125
15,AZYR,Teletech,2235,Bollman - Rampage (Creeds edit),2349.0,"AZYR  Boiler Room x Teletech Festival 2023 - Boiler Room (720p, h264)","/Users/fokia/CentraleSupelec-CV-and-RL-project/audio/AZYR  Boiler Room x Teletech Festival 2023 - Boiler Room (720p, h264).mp3",161.52230834960938,102165.1484375,0.9062894582748413,F,minor,2271.082763671875
16,AZYR,Teletech,2349,Azyr - Direct it to the roof (riot codes remix),2540.0,"AZYR  Boiler Room x Teletech Festival 2023 - Boiler Room (720p, h264)","/Users/fokia/CentraleSupelec-CV-and-RL-project/audio/AZYR  Boiler Room x Teletech Festival 2023 - Boiler Room (720p, h264).mp3",161.80838012695312,147127.75,0.9699406027793884,D,minor,2899.716064453125
17,AZYR,Teletech,2540,Alex Farell - All night long,2701.0,"AZYR  Boiler Room x Teletech Festival 2023 - Boiler Room (720p, h264)","/Users/fokia/CentraleSupelec-CV-and-RL-project/audio/AZYR  Boiler Room x Teletech Festival 2023 - Boiler Room (720p, h264).mp3",162.021728515625,136578.6875,1.054553508758545,D,minor,2758.7138671875
18,AZYR,Teletech,2701,Mahtal - All in this,2924.0,"AZYR  Boiler Room x Teletech Festival 2023 - Boiler Room (720p, h264)","/Users/fokia/CentraleSupelec-CV-and-RL-project/audio/AZYR  Boiler Room x Teletech Festival 2023 - Boiler Room (720p, h264).mp3",162.04135131835938,143349.015625,1.0614027976989746,A,major,2849.604248046875
19,AZYR,Teletech,2924,Fxck this - Holy Priest,3089.0,"AZYR  Boiler Room x Teletech Festival 2023 - Boiler Room (720p, h264)","/Users/fokia/CentraleSupelec-CV-and-RL-project/audio/AZYR  Boiler Room x Teletech Festival 2023 - Boiler Room (720p, h264).mp3",161.9769744873047,126403.9609375,0.8445507287979126,G,minor,2619.266845703125
20,AZYR,Teletech,3089,- Frankyeffe - Save me (RiVid A Bit Harder Edit),3290.0,"AZYR  Boiler Room x Teletech Festival 2023 - Boiler Room (720p, h264)","/Users/fokia/CentraleSupelec-CV-and-RL-project/audio/AZYR  Boiler Room x Teletech Festival 2023 - Boiler Room (720p, h264).mp3",161.91452026367188,130417.9375,1.0111600160598755,D,minor,2674.706298828125
21,AZYR,Teletech,3290,- Infectious - I need your lovin (95 happy hardcore heavy extended version),inf,"AZYR  Boiler Room x Teletech Festival 2023 - Boiler Room (720p, h264)","/Users/fokia/CentraleSupelec-CV-and-RL-project/audio/AZYR  Boiler Room x Teletech Festival 2023 - Boiler Room (720p, h264).mp3",172.26527404785156,223786.765625,1.0896704196929932,Eb,minor,3840.51220703125
22,Chase & Status,London,0,Chase & Status & Mozey ft. Sav'o & Horrid1 - On The Block,381.0,"Chase & Status  Boiler Room London - Boiler Room (720p, h264)","/Users/fokia/CentraleSupelec-CV-and-RL-project/audio/Chase & Status  Boiler Room London - Boiler Room (720p, h264).mp3",172.26551818847656,1851701.0,1.1600732803344727,G,minor,15822.408203125
23,Chase & Status,London,381,Chase & Status ft. Burro Banton - Delete,491.0,"Chase & Status  Boiler Room London - Boiler Room (720p, h264)","/Users/fokia/CentraleSupelec-CV-and-RL-project/audio/Chase & Status  Boiler Room London - Boiler Room (720p, h264).mp3",87.56379699707031,741488.4375,1.3275784254074097,G,minor,8569.787109375
24,Chase & Status,London,491,T>I - Dye Migration (Serum Remix),568.0,"Chase & Status  Boiler Room London - Boiler Room (720p, h264)","/Users/fokia/CentraleSupelec-CV-and-RL-project/audio/Chase & Status  Boiler Room London - Boiler Room (720p, h264).mp3",172.2657012939453,573524.9375,1.1695815324783325,E,minor,7214.89697265625
25,Chase & Status,London,568,Chase & Status ft. Popcaan & IRAH - Censor (VIP),727.0,"Chase & Status  Boiler Room London - Boiler Room (720p, h264)","/Users/fokia/CentraleSupelec-CV-and-RL-project/audio/Chase & Status  Boiler Room London - Boiler Room (720p, h264).mp3",87.4891128540039,995353.8125,1.0219788551330566,G,minor,10438.666015625
26,Chase & Status,London,727,Mtox & Evoke - Listen Up w/ Watch The Ride & Nia Archives - Mashup The Dance (Kings Of The Rollers Remix),836.0,"Chase & Status  Boiler Room London - Boiler Room (720p, h264)","/Users/fokia/CentraleSupelec-CV-and-RL-project/audio/Chase & Status  Boiler Room London - Boiler Room (720p, h264).mp3",87.52417755126953,652653.0,1.1101644039154053,Eb,major,7867.50927734375
27,Chase & Status,London,836,CHASE & Status & Hedex ft. Arrdee - Liquor & Cigarettes w/ Hedex - ID,1120.0,"Chase & Status  Boiler Room London - Boiler Room (720p, h264)","/Users/fokia/CentraleSupelec-CV-and-RL-project/audio/Chase & Status  Boiler Room London - Boiler Room (720p, h264).mp3",87.52278900146484,1748720.625,1.1211682558059692,C,major,15227.2958984375
28,Chase & Status,London,1120,Chase & Status ft. Cutty Ranks - Retreat2018,1225.0,"Chase & Status  Boiler Room London - Boiler Room (720p, h264)","/Users/fokia/CentraleSupelec-CV-and-RL-project/audio/Chase & Status  Boiler Room London - Boiler Room (720p, h264).mp3",87.36531066894531,682855.0,1.1238881349563599,C,minor,8109.6142578125
29,Chase & Status,London,1225,Chopstick Dubplate ft. Ragga Twins & Bunny Lye lye - Give Me A Dubplate,1290.0,"Chase & Status  Boiler Room London - Boiler Room (720p, h264)","/Users/fokia/CentraleSupelec-CV-and-RL-project/audio/Chase & Status  Boiler Room London - Boiler Room (720p, h264).mp3",87.60279846191406,480714.0,1.0734198093414307,B,major,6410.09130859375
30,Chase & Status,London,1290,Dimension - UK (Bou Remix),1380.0,"Chase & Status  Boiler Room London - Boiler Room (720p, h264)","/Users/fokia/CentraleSupelec-CV-and-RL-project/audio/Chase & Status  Boiler Room London - Boiler Room (720p, h264).mp3",172.26571655273438,599545.5,1.2128559350967407,F,major,7432.60302734375
31,Chase & Status,London,1380,Chase & Status ft. Stefflon Don - Selecta,1550.0,"Chase & Status  Boiler Room London - Boiler Room (720p, h264)","/Users/fokia/CentraleSupelec-CV-and-RL-project/audio/Chase & Status  Boiler Room London - Boiler Room (720p, h264).mp3",172.2655792236328,1246898.75,1.2152533531188965,E,minor,12139.6728515625
32,Chase & Status,London,1550,TC - Where's My Money (A.M.C & Turno Remix),1640.0,"Chase & Status  Boiler Room London - Boiler Room (720p, h264)","/Users/fokia/CentraleSupelec-CV-and-RL-project/audio/Chase & Status  Boiler Room London - Boiler Room (720p, h264).mp3",87.56381225585938,487585.875,1.352616310119629,F,major,6471.341796875
33,Chase & Status,London,1640,Chase & Status - ID,1815.0,"Chase & Status  Boiler Room London - Boiler Room (720p, h264)","/Users/fokia/CentraleSupelec-CV-and-RL-project/audio/Chase & Status  Boiler Room London - Boiler Room (720p, h264).mp3",172.2655029296875,1092289.125,1.384016513824463,F,minor,11109.2900390625
34,Chase & Status,London,1815,Chase & Status ft. Takura - No Problem w/ Rusko & Mozey - Hands In The Air (VIP) w/ Chase & Status ft. Takura - No Problem (VIP),2005.0,"Chase & Status  Boiler Room London - Boiler Room (720p, h264)","/Users/fokia/CentraleSupelec-CV-and-RL-project/audio/Chase & Status  Boiler Room London - Boiler Room (720p, h264).mp3",87.03952026367188,1092472.75,1.068424105644226,F,minor,11110.541015625
35,Chase & Status,London,2005,ATMOS - Hold You,2030.0,"Chase & Status  Boiler Room London - Boiler Room (720p, h264)","/Users/fokia/CentraleSupelec-CV-and-RL-project/audio/Chase & Status  Boiler Room London - Boiler Room (720p, h264).mp3",87.19273376464844,201091.03125,0.944588840007782,C,major,3574.9765625
36,Chase & Status,London,2030,Chase & Status ft. Masicka - Weed & Rum (VIP),2300.0,"Chase & Status  Boiler Room London - Boiler Room (720p, h264)","/Users/fokia/CentraleSupelec-CV-and-RL-project/audio/Chase & Status  Boiler Room London - Boiler Room (720p, h264).mp3",172.26559448242188,1628936.5,1.1875534057617188,A,minor,14520.3095703125
37,Chase & Status,London,2300,Chase & Status ft. Takura - 2 Ruff,2460.0,"Chase & Status  Boiler Room London - Boiler Room (720p, h264)","/Users/fokia/CentraleSupelec-CV-and-RL-project/audio/Chase & Status  Boiler Room London - Boiler Room (720p, h264).mp3",87.43485260009766,1154102.0,1.2675760984420776,F,minor,11526.666015625
38,Chase & Status,London,2460,Chase & Status ft. Irah - Program w/ Adam F - Circles (Pola & Bryson Bootleg),2760.0,"Chase & Status  Boiler Room London - Boiler Room (720p, h264)","/Users/fokia/CentraleSupelec-CV-and-RL-project/audio/Chase & Status  Boiler Room London - Boiler Room (720p, h264).mp3",172.2657012939453,1237009.5,0.9957972764968872,G,minor,12075.080078125
39,Chase & Status,London,2760,UK Apache & Shy FX - Original Nuttah (Chase & Status Remix) /w Digital - Deadline,2933.0,"Chase & Status  Boiler Room London - Boiler Room (720p, h264)","/Users/fokia/CentraleSupelec-CV-and-RL-project/audio/Chase & Status  Boiler Room London - Boiler Room (720p, h264).mp3",116.57601928710938,791741.4375,1.120531678199768,Bb,minor,8954.6982421875
40,Chase & Status,London,2933,Chase & Status ft. Clementine Douglas - Say The Word,3180.0,"Chase & Status  Boiler Room London - Boiler Room (720p, h264)","/Users/fokia/CentraleSupelec-CV-and-RL-project/audio/Chase & Status  Boiler Room London - Boiler Room (720p, h264).mp3",172.2655487060547,1065077.875,1.125675082206726,D,minor,10923.0927734375
41,Chase & Status,London,3180,Bou & Chase & Status ft. Trigga & IRAH & Flowdan & Takura - Baddadan (VIP),inf,"Chase & Status  Boiler Room London - Boiler Room (720p, h264)","/Users/fokia/CentraleSupelec-CV-and-RL-project/audio/Chase & Status  Boiler Room London - Boiler Room (720p, h264).mp3",172.2649688720703,1995047.25,1.048998475074768,F,minor,16632.9296875
42,Estella Boersma,Berlin,349,Sonic Rain - São Paulo,630.0,"Estella Boersma  Boiler Room Festival Berlin - Boiler Room (720p, h264, youtube)","/Users/fokia/CentraleSupelec-CV-and-RL-project/audio/Estella Boersma  Boiler Room Festival Berlin - Boiler Room (720p, h264, youtube).mp3",140.2185821533203,408212.53125,1.129294753074646,A,major,5745.0517578125
43,Estella Boersma,Berlin,630,Beastie Boys - Intergalactic (AnG Remix),778.0,"Estella Boersma  Boiler Room Festival Berlin - Boiler Room (720p, h264, youtube)","/Users/fokia/CentraleSupelec-CV-and-RL-project/audio/Estella Boersma  Boiler Room Festival Berlin - Boiler Room (720p, h264, youtube).mp3",140.9402313232422,135579.65625,1.0633994340896606,E,major,2745.177490234375
44,Estella Boersma,Berlin,778,X CLUB. - Block Rockin',1200.0,"Estella Boersma  Boiler Room Festival Berlin - Boiler Room (720p, h264, youtube)","/Users/fokia/CentraleSupelec-CV-and-RL-project/audio/Estella Boersma  Boiler Room Festival Berlin - Boiler Room (720p, h264, youtube).mp3",141.2751922607422,361441.0625,1.0767838954925537,A,major,5295.23486328125
45,Estella Boersma,Berlin,1013,EFESIAN - The Smoke,2590.0,"Estella Boersma  Boiler Room Festival Berlin - Boiler Room (720p, h264, youtube)","/Users/fokia/CentraleSupelec-CV-and-RL-project/audio/Estella Boersma  Boiler Room Festival Berlin - Boiler Room (720p, h264, youtube).mp3",142.12159729003906,1020060.625,1.0469356775283813,A,minor,10611.56640625
46,Estella Boersma,Berlin,1200,6 SENSE – Funk Contender,1695.0,"Estella Boersma  Boiler Room Festival Berlin - Boiler Room (720p, h264, youtube)","/Users/fokia/CentraleSupelec-CV-and-RL-project/audio/Estella Boersma  Boiler Room Festival Berlin - Boiler Room (720p, h264, youtube).mp3",142.63319396972656,321189.875,1.0704591274261475,G,major,4892.49658203125
49,Estella Boersma,Berlin,1695,6 Sense x Olly Lishman - HEAVYHITTAS,1920.0,"Estella Boersma  Boiler Room Festival Berlin - Boiler Room (720p, h264, youtube)","/Users/fokia/CentraleSupelec-CV-and-RL-project/audio/Estella Boersma  Boiler Room Festival Berlin - Boiler Room (720p, h264, youtube).mp3",142.12881469726562,199495.34375,1.0444331169128418,A,minor,3555.945068359375
50,Estella Boersma,Berlin,1920,Lomax - Gary Beck,2079.0,"Estella Boersma  Boiler Room Festival Berlin - Boiler Room (720p, h264, youtube)","/Users/fokia/CentraleSupelec-CV-and-RL-project/audio/Estella Boersma  Boiler Room Festival Berlin - Boiler Room (720p, h264, youtube).mp3",142.68798828125,120526.71875,0.9401811957359314,C,major,2537.03173828125
51,Estella Boersma,Berlin,2079,FJAAK  - Redemption,2340.0,"Estella Boersma  Boiler Room Festival Berlin - Boiler Room (720p, h264, youtube)","/Users/fokia/CentraleSupelec-CV-and-RL-project/audio/Estella Boersma  Boiler Room Festival Berlin - Boiler Room (720p, h264, youtube).mp3",142.33767700195312,198290.15625,0.9679874181747437,A,minor,3541.53759765625
52,Estella Boersma,Berlin,2340,Schall - Thomas Schumacher Remix,2760.0,"Estella Boersma  Boiler Room Festival Berlin - Boiler Room (720p, h264, youtube)","/Users/fokia/CentraleSupelec-CV-and-RL-project/audio/Estella Boersma  Boiler Room Festival Berlin - Boiler Room (720p, h264, youtube).mp3",142.35519409179688,343646.40625,1.1974769830703735,G,major,5119.1162109375
54,Estella Boersma,Berlin,2760,Cortex Me - distinguised,4340.0,"Estella Boersma  Boiler Room Festival Berlin - Boiler Room (720p, h264, youtube)","/Users/fokia/CentraleSupelec-CV-and-RL-project/audio/Estella Boersma  Boiler Room Festival Berlin - Boiler Room (720p, h264, youtube).mp3",143.33766174316406,1634456.75,1.032071590423584,A,minor,14553.2607421875
57,Estella Boersma,Berlin,4340,Mauro Picotto - Baguette,4510.0,"Estella Boersma  Boiler Room Festival Berlin - Boiler Room (720p, h264, youtube)","/Users/fokia/CentraleSupelec-CV-and-RL-project/audio/Estella Boersma  Boiler Room Festival Berlin - Boiler Room (720p, h264, youtube).mp3",144.00991821289062,110255.28125,1.1149793863296509,Ab,major,2390.053955078125
58,Estella Boersma,Berlin,4510,Sped up version of I Am - Alloy Mental,5168.0,"Estella Boersma  Boiler Room Festival Berlin - Boiler Room (720p, h264, youtube)","/Users/fokia/CentraleSupelec-CV-and-RL-project/audio/Estella Boersma  Boiler Room Festival Berlin - Boiler Room (720p, h264, youtube).mp3",144.67083740234375,327378.28125,1.181172251701355,A,minor,4955.45458984375
59,Estella Boersma,Berlin,5168,sped-up Insomnia by Faithless (?Tiesto or ?Chris Crime Infinity),inf,"Estella Boersma  Boiler Room Festival Berlin - Boiler Room (720p, h264, youtube)","/Users/fokia/CentraleSupelec-CV-and-RL-project/audio/Estella Boersma  Boiler Room Festival Berlin - Boiler Room (720p, h264, youtube).mp3",147.25070190429688,159700.828125,1.194648265838623,B,minor,3063.48583984375
60,Fred Again..,London,70,Fred again.. & Swedish House Mafia - Not Alone (Intro Edit),90.0,Fred again.. ｜ Boiler Room： London,/Users/fokia/CentraleSupelec-CV-and-RL-project/audio/Fred again.. ｜ Boiler Room： London.mp3,94.37866973876953,12904.1357421875,1.1199631690979004,Eb,minor,567.7909545898438
61,Fred Again..,London,90,Fred again.. - Kammy (like I do),375.0,Fred again.. ｜ Boiler Room： London,/Users/fokia/CentraleSupelec-CV-and-RL-project/audio/Fred again.. ｜ Boiler Room： London.mp3,131.9851531982422,914032.8125,1.195185899734497,G,minor,9859.263671875
62,Fred Again..,London,375,Fred again.. - Danielle (Smile On My Face),592.0,Fred again.. ｜ Boiler Room： London,/Users/fokia/CentraleSupelec-CV-and-RL-project/audio/Fred again.. ｜ Boiler Room： London.mp3,132.06869506835938,631886.5625,1.1150264739990234,F,major,7698.8935546875
63,Fred Again..,London,592,Fred again.. - Tanya (Maybe Life),809.0,Fred again.. ｜ Boiler Room： London,/Users/fokia/CentraleSupelec-CV-and-RL-project/audio/Fred again.. ｜ Boiler Room： London.mp3,132.64736938476562,576223.875,1.3750931024551392,F,major,7237.62744140625
64,Fred Again..,London,809,Fred again.. - Pull Me Out,1091.0,Fred again.. ｜ Boiler Room： London,/Users/fokia/CentraleSupelec-CV-and-RL-project/audio/Fred again.. ｜ Boiler Room： London.mp3,133.87893676757812,560530.0,1.2941349744796753,Bb,major,7104.955078125
65,Fred Again..,London,1091,Overmono vs. Lil Baby - BBY vs. Real As It Gets (Fred again.. Bootleg),1309.0,Fred again.. ｜ Boiler Room： London,/Users/fokia/CentraleSupelec-CV-and-RL-project/audio/Fred again.. ｜ Boiler Room： London.mp3,135.07070922851562,897671.0,1.1194241046905518,C,major,9740.6650390625
66,Fred Again..,London,1309,Skrillex & Fred again.. - Stay with me,1489.0,Fred again.. ｜ Boiler Room： London,/Users/fokia/CentraleSupelec-CV-and-RL-project/audio/Fred again.. ｜ Boiler Room： London.mp3,127.98823547363281,554701.6875,1.0730820894241333,F,major,7055.37255859375
67,Fred Again..,London,1489,Fred again .. - Headie One ft. Skepta - Back to basics,1595.0,Fred again.. ｜ Boiler Room： London,/Users/fokia/CentraleSupelec-CV-and-RL-project/audio/Fred again.. ｜ Boiler Room： London.mp3,129.94857788085938,465006.625,1.2258970737457275,Bb,minor,6268.9921875
68,Fred Again..,London,1595,KH - Feelings,1894.0,Fred again.. ｜ Boiler Room： London,/Users/fokia/CentraleSupelec-CV-and-RL-project/audio/Fred again.. ｜ Boiler Room： London.mp3,131.2411346435547,793044.5,1.5937978029251099,A,minor,8964.5703125
69,Fred Again..,London,1894,Fred again.. & Romy - Strong,2084.0,Fred again.. ｜ Boiler Room： London,/Users/fokia/CentraleSupelec-CV-and-RL-project/audio/Fred again.. ｜ Boiler Room： London.mp3,133.96656799316406,620725.125,1.232448935508728,E,major,7607.51220703125
70,Fred Again..,London,2084,Fred again.. & Swedish House Mafia ft. Future - Turn On The Lights Again..,2349.0,Fred again.. ｜ Boiler Room： London,/Users/fokia/CentraleSupelec-CV-and-RL-project/audio/Fred again.. ｜ Boiler Room： London.mp3,132.72564697265625,770606.0,1.1000292301177979,F#,minor,8793.82421875
71,Fred Again..,London,2349,Fred again.. - Jungle,2536.0,Fred again.. ｜ Boiler Room： London,/Users/fokia/CentraleSupelec-CV-and-RL-project/audio/Fred again.. ｜ Boiler Room： London.mp3,135.23626708984375,835878.3125,1.0805398225784302,Ab,minor,9286.1552734375
72,Fred Again..,London,2536,Fred again.. & Romy & HAAi - Lights Out w/ Fred again.. & Romy & HAAi - Lights Out (DnB Edit),2823.0,Fred again.. ｜ Boiler Room： London,/Users/fokia/CentraleSupelec-CV-and-RL-project/audio/Fred again.. ｜ Boiler Room： London.mp3,134.4630126953125,962486.5625,1.1973841190338135,D,major,10206.4453125
73,Fred Again..,London,2823,Fred again.. ft. Kodak Black - Kahan (Last Year) w/ Skrillex & Fred again.. - ID *,3026.0,Fred again.. ｜ Boiler Room： London,/Users/fokia/CentraleSupelec-CV-and-RL-project/audio/Fred again.. ｜ Boiler Room： London.mp3,126.96075439453125,1251000.375,1.101298451423645,D,minor,12166.4140625
74,Fred Again..,London,3026,Fred Again.. & Skrillex & Four Tet - Baby Again.. *,3366.0,Fred again.. ｜ Boiler Room： London,/Users/fokia/CentraleSupelec-CV-and-RL-project/audio/Fred again.. ｜ Boiler Room： London.mp3,127.97541046142578,1240957.5,1.2518011331558228,G,minor,12100.8876953125
75,Fred Again..,London,3366,Skrillex & Four Tet & Fred again.. ft. Flowdan - Rumble,3573.0,Fred again.. ｜ Boiler Room： London,/Users/fokia/CentraleSupelec-CV-and-RL-project/audio/Fred again.. ｜ Boiler Room： London.mp3,139.5951385498047,778819.375,1.0207103490829468,F#,minor,8856.51171875
76,Fred Again..,London,3573,Fred again.. & Beverly Craven - Promise me,3740.0,Fred again.. ｜ Boiler Room： London,/Users/fokia/CentraleSupelec-CV-and-RL-project/audio/Fred again.. ｜ Boiler Room： London.mp3,132.98043823242188,505542.6875,1.245863914489746,B,minor,6630.06591796875
77,Fred Again..,London,3740,Fred again.. - Marnie (Wish I Had U) w/ Fred again.. - Faisal (Envelops Me) (Acappella) w/ Fred again.. - ID,3991.0,Fred again.. ｜ Boiler Room： London,/Users/fokia/CentraleSupelec-CV-and-RL-project/audio/Fred again.. ｜ Boiler Room： London.mp3,133.25128173828125,478177.40625,1.2215088605880737,B,major,6387.40966796875
78,Fred Again..,London,3991,Fred again.. - Angie (I've Been Lost) (ID Remix) w/ Fred again.. - ID,inf,Fred again.. ｜ Boiler Room： London,/Users/fokia/CentraleSupelec-CV-and-RL-project/audio/Fred again.. ｜ Boiler Room： London.mp3,126.80338287353516,757105.4375,1.4123412370681763,B,major,8690.3017578125
79,Felix Da Housecat,Circus,0,Gino Soccio - Dancer ( ??? Remix),350.0,"Funky Disco & House Mix Inside a Circus  Felix da Housecat - Book Club Radio (720p, h264, youtube)","/Users/fokia/CentraleSupelec-CV-and-RL-project/audio/Funky Disco & House Mix Inside a Circus  Felix da Housecat - Book Club Radio (720p, h264, youtube).mp3",124.96114349365234,261485.53125,1.628826379776001,F,minor,4262.75146484375
80,Felix Da Housecat,Circus,350,Felix Da Housecat - Funky Dunk,550.0,"Funky Disco & House Mix Inside a Circus  Felix da Housecat - Book Club Radio (720p, h264, youtube)","/Users/fokia/CentraleSupelec-CV-and-RL-project/audio/Funky Disco & House Mix Inside a Circus  Felix da Housecat - Book Club Radio (720p, h264, youtube).mp3",125.07955932617188,168293.90625,1.3848400115966797,C,major,3172.969482421875
81,Felix Da Housecat,Circus,550,Marlon D - Jesus Creates Sound (Main Mix),790.0,"Funky Disco & House Mix Inside a Circus  Felix da Housecat - Book Club Radio (720p, h264, youtube)","/Users/fokia/CentraleSupelec-CV-and-RL-project/audio/Funky Disco & House Mix Inside a Circus  Felix da Housecat - Book Club Radio (720p, h264, youtube).mp3",125.00559997558594,213608.1875,1.2707107067108154,Ab,major,3722.580322265625
82,Felix Da Housecat,Circus,790,Kristin Velvet - Light Up The Night,1040.0,"Funky Disco & House Mix Inside a Circus  Felix da Housecat - Book Club Radio (720p, h264, youtube)","/Users/fokia/CentraleSupelec-CV-and-RL-project/audio/Funky Disco & House Mix Inside a Circus  Felix da Housecat - Book Club Radio (720p, h264, youtube).mp3",125.04359436035156,353209.96875,1.6110948324203491,Ab,minor,5214.1337890625
83,Felix Da Housecat,Circus,1040,Hamilton Bohannon - Let's Start The Dance,1220.0,"Funky Disco & House Mix Inside a Circus  Felix da Housecat - Book Club Radio (720p, h264, youtube)","/Users/fokia/CentraleSupelec-CV-and-RL-project/audio/Funky Disco & House Mix Inside a Circus  Felix da Housecat - Book Club Radio (720p, h264, youtube).mp3",124.880859375,111813.4453125,1.1439030170440674,C,major,2412.632080078125
84,Felix Da Housecat,Circus,1220,Talking Heads - Burning Down The Vcid House (Lvte Nite Tuff Guy) (Pitched Up from 104 to 125),1440.0,"Funky Disco & House Mix Inside a Circus  Felix da Housecat - Book Club Radio (720p, h264, youtube)","/Users/fokia/CentraleSupelec-CV-and-RL-project/audio/Funky Disco & House Mix Inside a Circus  Felix da Housecat - Book Club Radio (720p, h264, youtube).mp3",125.0140151977539,193768.359375,1.2184079885482788,C,major,3487.22216796875
85,Felix Da Housecat,Circus,1440,Moodymann - Shades of Jae (??? Remix),1665.0,"Funky Disco & House Mix Inside a Circus  Felix da Housecat - Book Club Radio (720p, h264, youtube)","/Users/fokia/CentraleSupelec-CV-and-RL-project/audio/Funky Disco & House Mix Inside a Circus  Felix da Housecat - Book Club Radio (720p, h264, youtube).mp3",125.0167236328125,253154.171875,1.3602478504180908,G,minor,4171.26806640625
86,Felix Da Housecat,Circus,1665,LF System - Be My Babe,1860.0,"Funky Disco & House Mix Inside a Circus  Felix da Housecat - Book Club Radio (720p, h264, youtube)","/Users/fokia/CentraleSupelec-CV-and-RL-project/audio/Funky Disco & House Mix Inside a Circus  Felix da Housecat - Book Club Radio (720p, h264, youtube).mp3",123.73344421386719,174693.25,1.4333243370056152,C#,minor,3253.307373046875
87,Felix Da Housecat,Circus,1860,Discotronic - Around7,2021.0,"Funky Disco & House Mix Inside a Circus  Felix da Housecat - Book Club Radio (720p, h264, youtube)","/Users/fokia/CentraleSupelec-CV-and-RL-project/audio/Funky Disco & House Mix Inside a Circus  Felix da Housecat - Book Club Radio (720p, h264, youtube).mp3",124.4225082397461,219416.828125,1.3848520517349243,Eb,minor,3790.102294921875
88,Felix Da Housecat,Circus,2021,Loleatta Holloway - Catch Me On The Rebound (Walter Gibbons 12'' Mix),2160.0,"Funky Disco & House Mix Inside a Circus  Felix da Housecat - Book Club Radio (720p, h264, youtube)","/Users/fokia/CentraleSupelec-CV-and-RL-project/audio/Funky Disco & House Mix Inside a Circus  Felix da Housecat - Book Club Radio (720p, h264, youtube).mp3",124.48439025878906,255546.203125,1.0824483633041382,C#,minor,4197.63427734375
89,Felix Da Housecat,Circus,2160,Chuck Robert's  My House Vocal Mixed with 8Bar Loop From the Beggining of the  Next Track,2290.0,"Funky Disco & House Mix Inside a Circus  Felix da Housecat - Book Club Radio (720p, h264, youtube)","/Users/fokia/CentraleSupelec-CV-and-RL-project/audio/Funky Disco & House Mix Inside a Circus  Felix da Housecat - Book Club Radio (720p, h264, youtube).mp3",124.36901092529297,58113.5234375,1.3801374435424805,D,minor,1556.201416015625
90,Felix Da Housecat,Circus,2290,Gene Farris & Cajmere - Sauer's (Original Mix),2520.0,"Funky Disco & House Mix Inside a Circus  Felix da Housecat - Book Club Radio (720p, h264, youtube)","/Users/fokia/CentraleSupelec-CV-and-RL-project/audio/Funky Disco & House Mix Inside a Circus  Felix da Housecat - Book Club Radio (720p, h264, youtube).mp3",124.9686050415039,198654.859375,1.2065976858139038,D,minor,3545.900634765625
91,Felix Da Housecat,Circus,2520,Tiga - IAMWHATIAM,2735.0,"Funky Disco & House Mix Inside a Circus  Felix da Housecat - Book Club Radio (720p, h264, youtube)","/Users/fokia/CentraleSupelec-CV-and-RL-project/audio/Funky Disco & House Mix Inside a Circus  Felix da Housecat - Book Club Radio (720p, h264, youtube).mp3",124.88457489013672,356984.21875,1.13913094997406,C#,minor,5251.39794921875
92,Felix Da Housecat,Circus,2735,Yazoo - Don't Go,2865.0,"Funky Disco & House Mix Inside a Circus  Felix da Housecat - Book Club Radio (720p, h264, youtube)","/Users/fokia/CentraleSupelec-CV-and-RL-project/audio/Funky Disco & House Mix Inside a Circus  Felix da Housecat - Book Club Radio (720p, h264, youtube).mp3",125.00801849365234,268771.21875,1.2491778135299683,Bb,minor,4341.96728515625
93,Felix Da Housecat,Circus,2865,Henrik Schwarz - Take Words In Return (Return Version),3225.0,"Funky Disco & House Mix Inside a Circus  Felix da Housecat - Book Club Radio (720p, h264, youtube)","/Users/fokia/CentraleSupelec-CV-and-RL-project/audio/Funky Disco & House Mix Inside a Circus  Felix da Housecat - Book Club Radio (720p, h264, youtube).mp3",125.02684783935547,526657.6875,1.2048978805541992,F,minor,6814.34521484375
94,Felix Da Housecat,Circus,3225,James Brown - Bodyheat (Part II),3390.0,"Funky Disco & House Mix Inside a Circus  Felix da Housecat - Book Club Radio (720p, h264, youtube)","/Users/fokia/CentraleSupelec-CV-and-RL-project/audio/Funky Disco & House Mix Inside a Circus  Felix da Housecat - Book Club Radio (720p, h264, youtube).mp3",124.16576385498047,208320.296875,1.5512357950210571,G,minor,3660.5830078125
95,Felix Da Housecat,Circus,3390,Danny Ocean - Hoe¦Ê Verwagtinge (Original Mix),3470.0,"Funky Disco & House Mix Inside a Circus  Felix da Housecat - Book Club Radio (720p, h264, youtube)","/Users/fokia/CentraleSupelec-CV-and-RL-project/audio/Funky Disco & House Mix Inside a Circus  Felix da Housecat - Book Club Radio (720p, h264, youtube).mp3",124.03727722167969,149293.84375,2.002987861633301,F#,minor,2928.25
96,Felix Da Housecat,Circus,3470,Felix da Housecat - Frankie Meets Pauline,3688.0,"Funky Disco & House Mix Inside a Circus  Felix da Housecat - Book Club Radio (720p, h264, youtube)","/Users/fokia/CentraleSupelec-CV-and-RL-project/audio/Funky Disco & House Mix Inside a Circus  Felix da Housecat - Book Club Radio (720p, h264, youtube).mp3",123.97879791259766,412804.59375,1.3401525020599365,F,minor,5788.27197265625
97,Felix Da Housecat,Circus,3688,Roni Griffith - Spys (??? Edit),3857.0,"Funky Disco & House Mix Inside a Circus  Felix da Housecat - Book Club Radio (720p, h264, youtube)","/Users/fokia/CentraleSupelec-CV-and-RL-project/audio/Funky Disco & House Mix Inside a Circus  Felix da Housecat - Book Club Radio (720p, h264, youtube).mp3",124.02790069580078,233325.90625,1.2199312448501587,E,minor,3949.437744140625
98,Felix Da Housecat,Circus,3857,Floorplan - Sun In The Sky,3998.0,"Funky Disco & House Mix Inside a Circus  Felix da Housecat - Book Club Radio (720p, h264, youtube)","/Users/fokia/CentraleSupelec-CV-and-RL-project/audio/Funky Disco & House Mix Inside a Circus  Felix da Housecat - Book Club Radio (720p, h264, youtube).mp3",124.01589965820312,201557.03125,1.1744974851608276,E,minor,3580.525146484375
99,Felix Da Housecat,Circus,3998,ID - ID,4380.0,"Funky Disco & House Mix Inside a Circus  Felix da Housecat - Book Club Radio (720p, h264, youtube)","/Users/fokia/CentraleSupelec-CV-and-RL-project/audio/Funky Disco & House Mix Inside a Circus  Felix da Housecat - Book Club Radio (720p, h264, youtube).mp3",125.61918640136719,429314.25,1.1587895154953003,D,minor,5942.3681640625
100,Felix Da Housecat,Circus,4380,Theo Parrish - Lake Shore Drive Mixed With Vocals From First Choice - Let No Man Put Asunder,4667.0,"Funky Disco & House Mix Inside a Circus  Felix da Housecat - Book Club Radio (720p, h264, youtube)","/Users/fokia/CentraleSupelec-CV-and-RL-project/audio/Funky Disco & House Mix Inside a Circus  Felix da Housecat - Book Club Radio (720p, h264, youtube).mp3",126.04698181152344,282643.15625,1.1014010906219482,F,minor,4490.86376953125
101,Felix Da Housecat,Circus,4667,Funky Junction & KC Flightt - Voices (Lost & Found Original Dub),4890.0,"Funky Disco & House Mix Inside a Circus  Felix da Housecat - Book Club Radio (720p, h264, youtube)","/Users/fokia/CentraleSupelec-CV-and-RL-project/audio/Funky Disco & House Mix Inside a Circus  Felix da Housecat - Book Club Radio (720p, h264, youtube).mp3",125.9941177368164,298322.875,1.2522741556167603,F,minor,4656.29052734375
102,Felix Da Housecat,Circus,4890,Freemasons - Uninvited 2014 (feat. Bailey Tzuke) (??? Remix),5070.0,"Funky Disco & House Mix Inside a Circus  Felix da Housecat - Book Club Radio (720p, h264, youtube)","/Users/fokia/CentraleSupelec-CV-and-RL-project/audio/Funky Disco & House Mix Inside a Circus  Felix da Housecat - Book Club Radio (720p, h264, youtube).mp3",125.1397705078125,216199.421875,1.0963349342346191,D,major,3752.77587890625
103,Felix Da Housecat,Circus,5070,Robert Owens - I'll Be Your Friend (Original Def Mix),5315.0,"Funky Disco & House Mix Inside a Circus  Felix da Housecat - Book Club Radio (720p, h264, youtube)","/Users/fokia/CentraleSupelec-CV-and-RL-project/audio/Funky Disco & House Mix Inside a Circus  Felix da Housecat - Book Club Radio (720p, h264, youtube).mp3",123.96233367919922,358747.25,1.2260671854019165,F,major,5268.76025390625
104,Felix Da Housecat,Circus,5315,ID - ID,5458.0,"Funky Disco & House Mix Inside a Circus  Felix da Housecat - Book Club Radio (720p, h264, youtube)","/Users/fokia/CentraleSupelec-CV-and-RL-project/audio/Funky Disco & House Mix Inside a Circus  Felix da Housecat - Book Club Radio (720p, h264, youtube).mp3",123.50521087646484,232832.15625,1.0870901346206665,G,minor,3943.836181640625
105,Felix Da Housecat,Circus,5458,Hot Music - Soho (Pitched Up From 112 to 125),5670.0,"Funky Disco & House Mix Inside a Circus  Felix da Housecat - Book Club Radio (720p, h264, youtube)","/Users/fokia/CentraleSupelec-CV-and-RL-project/audio/Funky Disco & House Mix Inside a Circus  Felix da Housecat - Book Club Radio (720p, h264, youtube).mp3",123.95655822753906,255406.21875,1.3028913736343384,F,major,4196.09375
106,Felix Da Housecat,Circus,5670,Jamie 3:26 & Cratebug - Hit It n Quit It,5860.0,"Funky Disco & House Mix Inside a Circus  Felix da Housecat - Book Club Radio (720p, h264, youtube)","/Users/fokia/CentraleSupelec-CV-and-RL-project/audio/Funky Disco & House Mix Inside a Circus  Felix da Housecat - Book Club Radio (720p, h264, youtube).mp3",124.0218276977539,257909.78125,1.205704689025879,G,minor,4223.607421875
107,Felix Da Housecat,Circus,5860,ID - ID,6017.0,"Funky Disco & House Mix Inside a Circus  Felix da Housecat - Book Club Radio (720p, h264, youtube)","/Users/fokia/CentraleSupelec-CV-and-RL-project/audio/Funky Disco & House Mix Inside a Circus  Felix da Housecat - Book Club Radio (720p, h264, youtube).mp3",123.9847412109375,231213.9375,1.240566372871399,C,minor,3925.4501953125
108,Felix Da Housecat,Circus,6017,Dangerous Dan & Nicky Night Time & Rhonda INTL. ft. Julian Mitchell - A History (Original Mix),6250.0,"Funky Disco & House Mix Inside a Circus  Felix da Housecat - Book Club Radio (720p, h264, youtube)","/Users/fokia/CentraleSupelec-CV-and-RL-project/audio/Funky Disco & House Mix Inside a Circus  Felix da Housecat - Book Club Radio (720p, h264, youtube).mp3",124.00041961669922,399876.34375,1.4025652408599854,C,major,5666.17919921875
109,Felix Da Housecat,Circus,6250,"Gichy Dan's Beachwood - On A Day Like Today (Todd Terje ""Friendly Children"" Edit)",6450.0,"Funky Disco & House Mix Inside a Circus  Felix da Housecat - Book Club Radio (720p, h264, youtube)","/Users/fokia/CentraleSupelec-CV-and-RL-project/audio/Funky Disco & House Mix Inside a Circus  Felix da Housecat - Book Club Radio (720p, h264, youtube).mp3",123.98387145996094,209197.015625,1.1975300312042236,F,minor,3670.8974609375
110,Felix Da Housecat,Circus,6450,Jerry C King - I Want You (Jerry C. King's Marvin Rework),6750.0,"Funky Disco & House Mix Inside a Circus  Felix da Housecat - Book Club Radio (720p, h264, youtube)","/Users/fokia/CentraleSupelec-CV-and-RL-project/audio/Funky Disco & House Mix Inside a Circus  Felix da Housecat - Book Club Radio (720p, h264, youtube).mp3",124.01164245605469,368126.09375,1.1671233177185059,C#,minor,5360.654296875
111,Felix Da Housecat,Circus,6750,3 Winans Brothers - Dance (Louie Vega Dance Ritual Mix) [feat. The Clark Sisters],inf,"Funky Disco & House Mix Inside a Circus  Felix da Housecat - Book Club Radio (720p, h264, youtube)","/Users/fokia/CentraleSupelec-CV-and-RL-project/audio/Funky Disco & House Mix Inside a Circus  Felix da Housecat - Book Club Radio (720p, h264, youtube).mp3",123.95399475097656,121614.0078125,1.1151418685913086,G,major,2552.34326171875
112,KETTAMA,London,0,Jump (Rushing mix)- Soul Mass Transit System,320.0,"KETTAMA  Boiler Room London - Boiler Room (720p, h264)","/Users/fokia/CentraleSupelec-CV-and-RL-project/audio/KETTAMA  Boiler Room London - Boiler Room (720p, h264).mp3",140.49623107910156,462075.65625,1.0662790536880493,F#,minor,6242.490234375
113,KETTAMA,London,320,"Trip Advisor (BUGS 2025 Warp Mix) - Sydney Charles, BUGS",552.0,"KETTAMA  Boiler Room London - Boiler Room (720p, h264)","/Users/fokia/CentraleSupelec-CV-and-RL-project/audio/KETTAMA  Boiler Room London - Boiler Room (720p, h264).mp3",140.6787872314453,293895.96875,1.1191092729568481,C,minor,4609.88232421875
114,KETTAMA,London,552,"Blessing (KETTAMA remix) - Calvin Harris, KETTAMA",792.0,"KETTAMA  Boiler Room London - Boiler Room (720p, h264)","/Users/fokia/CentraleSupelec-CV-and-RL-project/audio/KETTAMA  Boiler Room London - Boiler Room (720p, h264).mp3",140.91322326660156,343326.90625,1.3230243921279907,C,minor,5115.92724609375
115,KETTAMA,London,792,Skepta Dub -  6 Sense Ned Bennett (Soundcloud),940.0,"KETTAMA  Boiler Room London - Boiler Room (720p, h264)","/Users/fokia/CentraleSupelec-CV-and-RL-project/audio/KETTAMA  Boiler Room London - Boiler Room (720p, h264).mp3",141.1730194091797,193390.078125,1.1468369960784912,C,minor,3482.659423828125
116,KETTAMA,London,940,Topper top - Sir Spyro (mixed in with something),1102.0,"KETTAMA  Boiler Room London - Boiler Room (720p, h264)","/Users/fokia/CentraleSupelec-CV-and-RL-project/audio/KETTAMA  Boiler Room London - Boiler Room (720p, h264).mp3",71.04766082763672,286725.59375,1.2099841833114624,C,minor,4534.22021484375
117,KETTAMA,London,1102,ID - ID,1170.0,"KETTAMA  Boiler Room London - Boiler Room (720p, h264)","/Users/fokia/CentraleSupelec-CV-and-RL-project/audio/KETTAMA  Boiler Room London - Boiler Room (720p, h264).mp3",142.1531219482422,80152.03125,1.081579327583313,E,minor,1930.2911376953125
118,KETTAMA,London,1170,De Moma - Raredub (unreleased),1358.0,"KETTAMA  Boiler Room London - Boiler Room (720p, h264)","/Users/fokia/CentraleSupelec-CV-and-RL-project/audio/KETTAMA  Boiler Room London - Boiler Room (720p, h264).mp3",142.08543395996094,161830.375,1.114211916923523,D,major,3090.7958984375
127,Marlon Hoffstadt,Melbourne,0,Klubbheads - Kickin' Hard (DJ Daddy Trance Extended Remix),288.0,"Marlon Hoffstadt  Boiler Room Melbourne - Boiler Room (720p, h264)","/Users/fokia/CentraleSupelec-CV-and-RL-project/audio/Marlon Hoffstadt  Boiler Room Melbourne - Boiler Room (720p, h264).mp3",148.9506378173828,364964.53125,1.14202082157135,G,minor,5329.7646484375
128,Marlon Hoffstadt,Melbourne,288,Andy Farley - Beef Jerky,600.0,"Marlon Hoffstadt  Boiler Room Melbourne - Boiler Room (720p, h264)","/Users/fokia/CentraleSupelec-CV-and-RL-project/audio/Marlon Hoffstadt  Boiler Room Melbourne - Boiler Room (720p, h264).mp3",149.41766357421875,200068.8125,1.165863037109375,Ab,minor,3562.79052734375
129,Marlon Hoffstadt,Melbourne,600,Question Mark - The Birds,881.0,"Marlon Hoffstadt  Boiler Room Melbourne - Boiler Room (720p, h264)","/Users/fokia/CentraleSupelec-CV-and-RL-project/audio/Marlon Hoffstadt  Boiler Room Melbourne - Boiler Room (720p, h264).mp3",151.07421875,188466.53125,1.1822929382324219,A,minor,3423.0009765625
130,Marlon Hoffstadt,Melbourne,881,Andy Farley - Out Of Control (Original Mix),1177.0,"Marlon Hoffstadt  Boiler Room Melbourne - Boiler Room (720p, h264)","/Users/fokia/CentraleSupelec-CV-and-RL-project/audio/Marlon Hoffstadt  Boiler Room Melbourne - Boiler Room (720p, h264).mp3",149.0939178466797,287595.09375,1.066200613975525,Bb,minor,4543.42822265625
131,Marlon Hoffstadt,Melbourne,1177,Patrick Mason - Shred My Panties (Marlon Hoffstadt Edit),1409.0,"Marlon Hoffstadt  Boiler Room Melbourne - Boiler Room (720p, h264)","/Users/fokia/CentraleSupelec-CV-and-RL-project/audio/Marlon Hoffstadt  Boiler Room Melbourne - Boiler Room (720p, h264).mp3",149.0170135498047,309654.5625,0.9713743329048157,G,minor,4774.0615234375
132,Marlon Hoffstadt,Melbourne,1409,Darude - Sandstorm (Remix),1586.0,"Marlon Hoffstadt  Boiler Room Melbourne - Boiler Room (720p, h264)","/Users/fokia/CentraleSupelec-CV-and-RL-project/audio/Marlon Hoffstadt  Boiler Room Melbourne - Boiler Room (720p, h264).mp3",148.91659545898438,148370.0,1.1749001741409302,E,minor,2916.096923828125
133,Marlon Hoffstadt,Melbourne,1586,Voodoo & Serano - Blood is pumping,1807.0,"Marlon Hoffstadt  Boiler Room Melbourne - Boiler Room (720p, h264)","/Users/fokia/CentraleSupelec-CV-and-RL-project/audio/Marlon Hoffstadt  Boiler Room Melbourne - Boiler Room (720p, h264).mp3",149.18711853027344,188355.65625,1.3151357173919678,G,minor,3421.651611328125
134,Marlon Hoffstadt,Melbourne,1807,Vizionn - Run,2038.0,"Marlon Hoffstadt  Boiler Room Melbourne - Boiler Room (720p, h264)","/Users/fokia/CentraleSupelec-CV-and-RL-project/audio/Marlon Hoffstadt  Boiler Room Melbourne - Boiler Room (720p, h264).mp3",151.18408203125,329643.375,1.009253978729248,Ab,major,4978.400390625
135,Marlon Hoffstadt,Melbourne,2038,Luciana - I Like That (Marlon Hoffstadt Edit),2306.0,"Marlon Hoffstadt  Boiler Room Melbourne - Boiler Room (720p, h264)","/Users/fokia/CentraleSupelec-CV-and-RL-project/audio/Marlon Hoffstadt  Boiler Room Melbourne - Boiler Room (720p, h264).mp3",152.01470947265625,348775.71875,1.0416440963745117,A,major,5170.18505859375
136,Marlon Hoffstadt,Melbourne,2306,DJ Arne L II vs. DJ Mirko Milano - Cubus (Seven Of Nine),2461.0,"Marlon Hoffstadt  Boiler Room Melbourne - Boiler Room (720p, h264)","/Users/fokia/CentraleSupelec-CV-and-RL-project/audio/Marlon Hoffstadt  Boiler Room Melbourne - Boiler Room (720p, h264).mp3",151.81654357910156,207484.265625,0.9995824694633484,Bb,major,3650.733642578125
137,Marlon Hoffstadt,Melbourne,2461,Pegassi - Yoyoyo,2751.0,"Marlon Hoffstadt  Boiler Room Melbourne - Boiler Room (720p, h264)","/Users/fokia/CentraleSupelec-CV-and-RL-project/audio/Marlon Hoffstadt  Boiler Room Melbourne - Boiler Room (720p, h264).mp3",151.98939514160156,379711.8125,1.114113688468933,F#,minor,5473.1123046875
138,Marlon Hoffstadt,Melbourne,2751,Marlon Hoffstadt - Its that Time,3015.0,"Marlon Hoffstadt  Boiler Room Melbourne - Boiler Room (720p, h264)","/Users/fokia/CentraleSupelec-CV-and-RL-project/audio/Marlon Hoffstadt  Boiler Room Melbourne - Boiler Room (720p, h264).mp3",152.72959899902344,324623.1875,1.1279082298278809,F,major,4927.474609375
139,Marlon Hoffstadt,Melbourne,3015,Marlon Hoffstadt - Tell Me Daddy,3239.0,"Marlon Hoffstadt  Boiler Room Melbourne - Boiler Room (720p, h264)","/Users/fokia/CentraleSupelec-CV-and-RL-project/audio/Marlon Hoffstadt  Boiler Room Melbourne - Boiler Room (720p, h264).mp3",154.1862030029297,331751.8125,1.017911434173584,A,minor,4999.71240234375
140,Marlon Hoffstadt,Melbourne,3239,Drake - Hotline Bling (Marlon Hoffstadt Remix),3506.0,"Marlon Hoffstadt  Boiler Room Melbourne - Boiler Room (720p, h264)","/Users/fokia/CentraleSupelec-CV-and-RL-project/audio/Marlon Hoffstadt  Boiler Room Melbourne - Boiler Room (720p, h264).mp3",154.6959991455078,327064.4375,1.1084423065185547,A,minor,4952.27099609375
141,Marlon Hoffstadt,Melbourne,3506,"Malugi, Marlon Hoffstadt - Faster Alone",3829.0,"Marlon Hoffstadt  Boiler Room Melbourne - Boiler Room (720p, h264)","/Users/fokia/CentraleSupelec-CV-and-RL-project/audio/Marlon Hoffstadt  Boiler Room Melbourne - Boiler Room (720p, h264).mp3",154.0789031982422,443872.5,1.227218747138977,C,minor,6076.63427734375
142,Marlon Hoffstadt,Melbourne,3829,Marlon Hoffstadt  - Money On The Dash,4078.0,"Marlon Hoffstadt  Boiler Room Melbourne - Boiler Room (720p, h264)","/Users/fokia/CentraleSupelec-CV-and-RL-project/audio/Marlon Hoffstadt  Boiler Room Melbourne - Boiler Room (720p, h264).mp3",153.91278076171875,342751.71875,1.0607633590698242,C,minor,5110.18310546875
143,Marlon Hoffstadt,Melbourne,4078,"Narciss, DJ Heartstring -  Heartbreak Repair System",4352.0,"Marlon Hoffstadt  Boiler Room Melbourne - Boiler Room (720p, h264)","/Users/fokia/CentraleSupelec-CV-and-RL-project/audio/Marlon Hoffstadt  Boiler Room Melbourne - Boiler Room (720p, h264).mp3",153.97560119628906,292482.53125,1.4216125011444092,Ab,minor,4595.01611328125
144,Marlon Hoffstadt,Melbourne,4352,Marlon Hoffstadt aka DJ Daddy Trance - Call Me,4640.0,"Marlon Hoffstadt  Boiler Room Melbourne - Boiler Room (720p, h264)","/Users/fokia/CentraleSupelec-CV-and-RL-project/audio/Marlon Hoffstadt  Boiler Room Melbourne - Boiler Room (720p, h264).mp3",154.0106201171875,407323.9375,1.1610682010650635,G,major,5736.669921875
145,Marlon Hoffstadt,Melbourne,4640,Marlon Hoffstadt - I Got You,4891.0,"Marlon Hoffstadt  Boiler Room Melbourne - Boiler Room (720p, h264)","/Users/fokia/CentraleSupelec-CV-and-RL-project/audio/Marlon Hoffstadt  Boiler Room Melbourne - Boiler Room (720p, h264).mp3",153.98707580566406,286483.09375,1.0744357109069824,Bb,minor,4531.650390625
146,Marlon Hoffstadt,Melbourne,4891,Marlon Hoffstadt aka DJ Daddy Trance - Say It Right,inf,"Marlon Hoffstadt  Boiler Room Melbourne - Boiler Room (720p, h264)","/Users/fokia/CentraleSupelec-CV-and-RL-project/audio/Marlon Hoffstadt  Boiler Room Melbourne - Boiler Room (720p, h264).mp3",153.67404174804688,355029.78125,1.0431700944900513,F,minor,5232.11767578125
147,MInanokimochi,Tokyo,34,A. G. Cook - Xxoplex,50.0,"Minna-no-kimochi (みんなのきもち)  Boiler Room Tokyo Tohji Presents u-ha - Boiler Room (720p, h264)","/Users/fokia/CentraleSupelec-CV-and-RL-project/audio/Minna-no-kimochi (みんなのきもち)  Boiler Room Tokyo Tohji Presents u-ha - Boiler Room (720p, h264).mp3",80.31471252441406,9324.71875,0.9083544611930847,F#,minor,456.7262878417969
148,MInanokimochi,Tokyo,50,Lorenzi - Back To You,140.0,"Minna-no-kimochi (みんなのきもち)  Boiler Room Tokyo Tohji Presents u-ha - Boiler Room (720p, h264)","/Users/fokia/CentraleSupelec-CV-and-RL-project/audio/Minna-no-kimochi (みんなのきもち)  Boiler Room Tokyo Tohji Presents u-ha - Boiler Room (720p, h264).mp3",80.47028350830078,145139.3125,1.271958351135254,Bb,major,2873.39990234375
149,MInanokimochi,Tokyo,140,DJ Break Da Law - Drosera,260.0,"Minna-no-kimochi (みんなのきもち)  Boiler Room Tokyo Tohji Presents u-ha - Boiler Room (720p, h264)","/Users/fokia/CentraleSupelec-CV-and-RL-project/audio/Minna-no-kimochi (みんなのきもち)  Boiler Room Tokyo Tohji Presents u-ha - Boiler Room (720p, h264).mp3",161.56141662597656,473019.59375,0.9218375086784363,D,minor,6341.166015625
150,MInanokimochi,Tokyo,260,Merely - The Killing Sun (Makinarium Remix),465.0,"Minna-no-kimochi (みんなのきもち)  Boiler Room Tokyo Tohji Presents u-ha - Boiler Room (720p, h264)","/Users/fokia/CentraleSupelec-CV-and-RL-project/audio/Minna-no-kimochi (みんなのきもち)  Boiler Room Tokyo Tohji Presents u-ha - Boiler Room (720p, h264).mp3",161.53631591796875,241330.53125,1.354146957397461,E,major,4039.711181640625
151,MInanokimochi,Tokyo,465,TRANCEMAN2000 - Falling van Buuren,650.0,"Minna-no-kimochi (みんなのきもち)  Boiler Room Tokyo Tohji Presents u-ha - Boiler Room (720p, h264)","/Users/fokia/CentraleSupelec-CV-and-RL-project/audio/Minna-no-kimochi (みんなのきもち)  Boiler Room Tokyo Tohji Presents u-ha - Boiler Room (720p, h264).mp3",161.55259704589844,473854.1875,1.4417409896850586,C#,minor,6348.65966796875
152,MInanokimochi,Tokyo,650,Panteros666 - Meteociel (Dirpix Remix),710.0,"Minna-no-kimochi (みんなのきもち)  Boiler Room Tokyo Tohji Presents u-ha - Boiler Room (720p, h264)","/Users/fokia/CentraleSupelec-CV-and-RL-project/audio/Minna-no-kimochi (みんなのきもち)  Boiler Room Tokyo Tohji Presents u-ha - Boiler Room (720p, h264).mp3",161.5369873046875,164935.328125,1.0598899126052856,F#,minor,3130.403076171875
153,MInanokimochi,Tokyo,710,Lyra Valenza - Reality Blizz,817.0,"Minna-no-kimochi (みんなのきもち)  Boiler Room Tokyo Tohji Presents u-ha - Boiler Room (720p, h264)","/Users/fokia/CentraleSupelec-CV-and-RL-project/audio/Minna-no-kimochi (みんなのきもち)  Boiler Room Tokyo Tohji Presents u-ha - Boiler Room (720p, h264).mp3",161.4991455078125,160789.71875,0.9360049366950989,A,major,3077.465087890625
154,MInanokimochi,Tokyo,817,+ 16:00 AD†AM - NAK3D (Uphoria Remix),930.0,"Minna-no-kimochi (みんなのきもち)  Boiler Room Tokyo Tohji Presents u-ha - Boiler Room (720p, h264)","/Users/fokia/CentraleSupelec-CV-and-RL-project/audio/Minna-no-kimochi (みんなのきもち)  Boiler Room Tokyo Tohji Presents u-ha - Boiler Room (720p, h264).mp3",161.5421142578125,382562.625,1.0222911834716797,F#,minor,5500.609375
155,MInanokimochi,Tokyo,930,Buga - Hands-Up!,1020.0,"Minna-no-kimochi (みんなのきもち)  Boiler Room Tokyo Tohji Presents u-ha - Boiler Room (720p, h264)","/Users/fokia/CentraleSupelec-CV-and-RL-project/audio/Minna-no-kimochi (みんなのきもち)  Boiler Room Tokyo Tohji Presents u-ha - Boiler Room (720p, h264).mp3",80.41573333740234,254252.71875,1.1394084692001343,F#,minor,4183.38720703125
156,MInanokimochi,Tokyo,1020,Trillosta - Crystal Sky,1091.0,"Minna-no-kimochi (みんなのきもち)  Boiler Room Tokyo Tohji Presents u-ha - Boiler Room (720p, h264)","/Users/fokia/CentraleSupelec-CV-and-RL-project/audio/Minna-no-kimochi (みんなのきもち)  Boiler Room Tokyo Tohji Presents u-ha - Boiler Room (720p, h264).mp3",161.56842041015625,93456.4453125,0.9780682921409607,F,major,2139.480224609375
157,MInanokimochi,Tokyo,1091,HDMIRROR - ANTHEM,1140.0,"Minna-no-kimochi (みんなのきもち)  Boiler Room Tokyo Tohji Presents u-ha - Boiler Room (720p, h264)","/Users/fokia/CentraleSupelec-CV-and-RL-project/audio/Minna-no-kimochi (みんなのきもち)  Boiler Room Tokyo Tohji Presents u-ha - Boiler Room (720p, h264).mp3",80.43456268310547,131778.3125,0.831602156162262,F,major,2693.366943359375
158,MInanokimochi,Tokyo,1140,adaa - feeling a moment,1200.0,"Minna-no-kimochi (みんなのきもち)  Boiler Room Tokyo Tohji Presents u-ha - Boiler Room (720p, h264)","/Users/fokia/CentraleSupelec-CV-and-RL-project/audio/Minna-no-kimochi (みんなのきもち)  Boiler Room Tokyo Tohji Presents u-ha - Boiler Room (720p, h264).mp3",105.61088562011719,101886.0234375,0.9684129357337952,F,major,2266.923583984375
159,MInanokimochi,Tokyo,1200,Sun Angels - A Drink Before The War,1321.0,"Minna-no-kimochi (みんなのきもち)  Boiler Room Tokyo Tohji Presents u-ha - Boiler Room (720p, h264)","/Users/fokia/CentraleSupelec-CV-and-RL-project/audio/Minna-no-kimochi (みんなのきもち)  Boiler Room Tokyo Tohji Presents u-ha - Boiler Room (720p, h264).mp3",178.20584106445312,205683.109375,1.0047049522399902,Bb,major,3629.4697265625
160,MInanokimochi,Tokyo,1321,Sun Angels - 777,1436.0,"Minna-no-kimochi (みんなのきもち)  Boiler Room Tokyo Tohji Presents u-ha - Boiler Room (720p, h264)","/Users/fokia/CentraleSupelec-CV-and-RL-project/audio/Minna-no-kimochi (みんなのきもち)  Boiler Room Tokyo Tohji Presents u-ha - Boiler Room (720p, h264).mp3",135.41104125976562,497396.78125,1.2981337308883667,F,major,6558.296875
161,MInanokimochi,Tokyo,1436,Glen - Superfast XI,1520.0,"Minna-no-kimochi (みんなのきもち)  Boiler Room Tokyo Tohji Presents u-ha - Boiler Room (720p, h264)","/Users/fokia/CentraleSupelec-CV-and-RL-project/audio/Minna-no-kimochi (みんなのきもち)  Boiler Room Tokyo Tohji Presents u-ha - Boiler Room (720p, h264).mp3",135.39280700683594,70191.4375,1.540457844734192,A,major,1766.080322265625
162,MInanokimochi,Tokyo,1520,Above & Beyond - Morning In Deira,1606.0,"Minna-no-kimochi (みんなのきもち)  Boiler Room Tokyo Tohji Presents u-ha - Boiler Room (720p, h264)","/Users/fokia/CentraleSupelec-CV-and-RL-project/audio/Minna-no-kimochi (みんなのきもち)  Boiler Room Tokyo Tohji Presents u-ha - Boiler Room (720p, h264).mp3",135.62025451660156,162963.84375,1.3608019351959229,E,major,3105.283203125
163,MInanokimochi,Tokyo,1606,Sun Angels - Stilla,1777.0,"Minna-no-kimochi (みんなのきもち)  Boiler Room Tokyo Tohji Presents u-ha - Boiler Room (720p, h264)","/Users/fokia/CentraleSupelec-CV-and-RL-project/audio/Minna-no-kimochi (みんなのきもち)  Boiler Room Tokyo Tohji Presents u-ha - Boiler Room (720p, h264).mp3",135.52223205566406,378946.46875,1.1532856225967407,D,major,5465.71875
164,MInanokimochi,Tokyo,1777,Jam & Spoon - Stella’s Cry (Push - Tribute To Markus Remix),1911.0,"Minna-no-kimochi (みんなのきもち)  Boiler Room Tokyo Tohji Presents u-ha - Boiler Room (720p, h264)","/Users/fokia/CentraleSupelec-CV-and-RL-project/audio/Minna-no-kimochi (みんなのきもち)  Boiler Room Tokyo Tohji Presents u-ha - Boiler Room (720p, h264).mp3",135.09542846679688,232159.875,1.2532296180725098,D,major,3936.202880859375
165,MInanokimochi,Tokyo,1911,Nathan Micay - Ecstasy Is On Maple Mountain,1969.0,"Minna-no-kimochi (みんなのきもち)  Boiler Room Tokyo Tohji Presents u-ha - Boiler Room (720p, h264)","/Users/fokia/CentraleSupelec-CV-and-RL-project/audio/Minna-no-kimochi (みんなのきもち)  Boiler Room Tokyo Tohji Presents u-ha - Boiler Room (720p, h264).mp3",135.3677215576172,143566.390625,1.2646949291229248,G,major,2852.498779296875
166,MInanokimochi,Tokyo,1969,Underworld - Rez,2130.0,"Minna-no-kimochi (みんなのきもち)  Boiler Room Tokyo Tohji Presents u-ha - Boiler Room (720p, h264)","/Users/fokia/CentraleSupelec-CV-and-RL-project/audio/Minna-no-kimochi (みんなのきもち)  Boiler Room Tokyo Tohji Presents u-ha - Boiler Room (720p, h264).mp3",135.4010772705078,321267.375,1.3769540786743164,G,major,4893.28759765625
167,MInanokimochi,Tokyo,2130,Marsh - Lailonie,2280.0,"Minna-no-kimochi (みんなのきもち)  Boiler Room Tokyo Tohji Presents u-ha - Boiler Room (720p, h264)","/Users/fokia/CentraleSupelec-CV-and-RL-project/audio/Minna-no-kimochi (みんなのきもち)  Boiler Room Tokyo Tohji Presents u-ha - Boiler Room (720p, h264).mp3",135.4269561767578,164447.6875,1.563511610031128,G,major,3124.198974609375
168,MInanokimochi,Tokyo,2280,Emily Glass - MESOGLEA TRANCER WIP☆,2386.0,"Minna-no-kimochi (みんなのきもち)  Boiler Room Tokyo Tohji Presents u-ha - Boiler Room (720p, h264)","/Users/fokia/CentraleSupelec-CV-and-RL-project/audio/Minna-no-kimochi (みんなのきもち)  Boiler Room Tokyo Tohji Presents u-ha - Boiler Room (720p, h264).mp3",135.38485717773438,164885.765625,2.2539234161376953,F,major,3129.772705078125
169,MInanokimochi,Tokyo,2386,Team Rockit - Team Rockit (Sun Angels Sommarvisa Edit),2544.0,"Minna-no-kimochi (みんなのきもち)  Boiler Room Tokyo Tohji Presents u-ha - Boiler Room (720p, h264)","/Users/fokia/CentraleSupelec-CV-and-RL-project/audio/Minna-no-kimochi (みんなのきもち)  Boiler Room Tokyo Tohji Presents u-ha - Boiler Room (720p, h264).mp3",135.4263458251953,157627.9375,1.0499430894851685,C,major,3036.786865234375
170,MInanokimochi,Tokyo,2544,Negative Architecture - Lighter Than Air,2630.0,"Minna-no-kimochi (みんなのきもち)  Boiler Room Tokyo Tohji Presents u-ha - Boiler Room (720p, h264)","/Users/fokia/CentraleSupelec-CV-and-RL-project/audio/Minna-no-kimochi (みんなのきもち)  Boiler Room Tokyo Tohji Presents u-ha - Boiler Room (720p, h264).mp3",119.90138244628906,87577.6328125,0.8529214859008789,Eb,major,2048.346923828125
171,MInanokimochi,Tokyo,2630,INZO - Earth Magic,inf,"Minna-no-kimochi (みんなのきもち)  Boiler Room Tokyo Tohji Presents u-ha - Boiler Room (720p, h264)","/Users/fokia/CentraleSupelec-CV-and-RL-project/audio/Minna-no-kimochi (みんなのきもち)  Boiler Room Tokyo Tohji Presents u-ha - Boiler Room (720p, h264).mp3",120.19593048095703,248897.8125,1.0462204217910767,Eb,major,4124.14794921875
172,Peggy Gou,Amsterdam,9,Masters At Work - The Ha Dance [Defected 2010],320.0,"Peggy Gou  Boiler Room x Dekmantel Festival Amsterdam - Boiler Room (720p, h264, youtube)","/Users/fokia/CentraleSupelec-CV-and-RL-project/audio/Peggy Gou  Boiler Room x Dekmantel Festival Amsterdam - Boiler Room (720p, h264, youtube).mp3",123.02732849121094,146197.5,1.6002296209335327,Eb,major,2887.419189453125
173,Peggy Gou,Amsterdam,320,Jessie Ware - Midnight (Peggy Gou's After Midnight Mix) [Universal/Islands Records 2017],510.0,"Peggy Gou  Boiler Room x Dekmantel Festival Amsterdam - Boiler Room (720p, h264, youtube)","/Users/fokia/CentraleSupelec-CV-and-RL-project/audio/Peggy Gou  Boiler Room x Dekmantel Festival Amsterdam - Boiler Room (720p, h264, youtube).mp3",123.80419921875,130413.015625,1.4641779661178589,C#,major,2674.638671875
174,Peggy Gou,Amsterdam,510,The Shytowne Project - Everybody's Doing Their Own Thing (ID Remix) [?],728.0,"Peggy Gou  Boiler Room x Dekmantel Festival Amsterdam - Boiler Room (720p, h264, youtube)","/Users/fokia/CentraleSupelec-CV-and-RL-project/audio/Peggy Gou  Boiler Room x Dekmantel Festival Amsterdam - Boiler Room (720p, h264, youtube).mp3",123.79976654052734,174539.65625,1.6030923128128052,Eb,major,3251.390625
175,Peggy Gou,Amsterdam,728,Hugg & Pepp - Snabeln [Dahlbäck Records 2005],937.0,"Peggy Gou  Boiler Room x Dekmantel Festival Amsterdam - Boiler Room (720p, h264, youtube)","/Users/fokia/CentraleSupelec-CV-and-RL-project/audio/Peggy Gou  Boiler Room x Dekmantel Festival Amsterdam - Boiler Room (720p, h264, youtube).mp3",125.04057312011719,75548.6875,1.497341513633728,C#,minor,1855.2913818359375
176,Peggy Gou,Amsterdam,937,Le Gaz Qui Fait Rire (Acid Arab Edit) [Disco Halal 2015],1162.0,"Peggy Gou  Boiler Room x Dekmantel Festival Amsterdam - Boiler Room (720p, h264, youtube)","/Users/fokia/CentraleSupelec-CV-and-RL-project/audio/Peggy Gou  Boiler Room x Dekmantel Festival Amsterdam - Boiler Room (720p, h264, youtube).mp3",124.94110107421875,58159.30078125,1.7641358375549316,C,minor,1557.0225830078125
177,Peggy Gou,Amsterdam,1162,Haruomi Hosono - Laugh-Gas [Epic 1989],1394.0,"Peggy Gou  Boiler Room x Dekmantel Festival Amsterdam - Boiler Room (720p, h264, youtube)","/Users/fokia/CentraleSupelec-CV-and-RL-project/audio/Peggy Gou  Boiler Room x Dekmantel Festival Amsterdam - Boiler Room (720p, h264, youtube).mp3",124.96598052978516,128628.4765625,1.6003011465072632,C,minor,2650.0615234375
178,Peggy Gou,Amsterdam,1394,Philly Slitter - Morning Scent [?],1652.0,"Peggy Gou  Boiler Room x Dekmantel Festival Amsterdam - Boiler Room (720p, h264, youtube)","/Users/fokia/CentraleSupelec-CV-and-RL-project/audio/Peggy Gou  Boiler Room x Dekmantel Festival Amsterdam - Boiler Room (720p, h264, youtube).mp3",125.00257110595703,94555.734375,1.457409143447876,A,minor,2156.308837890625
179,Peggy Gou,Amsterdam,1652,Adonis ft. M. C. Kodak - H.O.U.S.E. (Acid Mix) [Black Market Records 1988],1999.0,"Peggy Gou  Boiler Room x Dekmantel Festival Amsterdam - Boiler Room (720p, h264, youtube)","/Users/fokia/CentraleSupelec-CV-and-RL-project/audio/Peggy Gou  Boiler Room x Dekmantel Festival Amsterdam - Boiler Room (720p, h264, youtube).mp3",125.04217529296875,326193.0625,2.5293312072753906,A,minor,4943.42724609375
180,Peggy Gou,Amsterdam,1999,Alphonse Mouzon with Mouzon's Electric Band - Disco Jungle [Metronome 1979],2140.0,"Peggy Gou  Boiler Room x Dekmantel Festival Amsterdam - Boiler Room (720p, h264, youtube)","/Users/fokia/CentraleSupelec-CV-and-RL-project/audio/Peggy Gou  Boiler Room x Dekmantel Festival Amsterdam - Boiler Room (720p, h264, youtube).mp3",124.79556274414062,31408.697265625,1.589326024055481,F#,minor,1030.44189453125
181,Peggy Gou,Amsterdam,2140,Stopp - I'm Hungry (Caramba Mix) [Discomagic Records 1983],2412.0,"Peggy Gou  Boiler Room x Dekmantel Festival Amsterdam - Boiler Room (720p, h264, youtube)","/Users/fokia/CentraleSupelec-CV-and-RL-project/audio/Peggy Gou  Boiler Room x Dekmantel Festival Amsterdam - Boiler Room (720p, h264, youtube).mp3",125.28734588623047,220343.84375,1.4286056756973267,Eb,minor,3800.823486328125
182,Peggy Gou,Amsterdam,2412,Snowboy - Snowboy's House Of Latin [Urban 1989],2726.0,"Peggy Gou  Boiler Room x Dekmantel Festival Amsterdam - Boiler Room (720p, h264, youtube)","/Users/fokia/CentraleSupelec-CV-and-RL-project/audio/Peggy Gou  Boiler Room x Dekmantel Festival Amsterdam - Boiler Room (720p, h264, youtube).mp3",125.34725189208984,181932.0625,1.341320514678955,F,minor,3343.0224609375
183,Peggy Gou,Amsterdam,2726,Bad Boy Orchestra - Salsa Time [Smokin’ 1988],2997.0,"Peggy Gou  Boiler Room x Dekmantel Festival Amsterdam - Boiler Room (720p, h264, youtube)","/Users/fokia/CentraleSupelec-CV-and-RL-project/audio/Peggy Gou  Boiler Room x Dekmantel Festival Amsterdam - Boiler Room (720p, h264, youtube).mp3",125.61385345458984,142242.890625,1.9662657976150513,Eb,major,2834.853271484375
184,Peggy Gou,Amsterdam,2997,Third World - Now that We've Found Love (Disco Mix) [Island Records 1978],3263.0,"Peggy Gou  Boiler Room x Dekmantel Festival Amsterdam - Boiler Room (720p, h264, youtube)","/Users/fokia/CentraleSupelec-CV-and-RL-project/audio/Peggy Gou  Boiler Room x Dekmantel Festival Amsterdam - Boiler Room (720p, h264, youtube).mp3",124.2853775024414,108146.4765625,1.7496554851531982,C#,minor,2359.328369140625
185,Peggy Gou,Amsterdam,3263,Corporation of One - The Real Life [Smokin’ 1989],inf,"Peggy Gou  Boiler Room x Dekmantel Festival Amsterdam - Boiler Room (720p, h264, youtube)","/Users/fokia/CentraleSupelec-CV-and-RL-project/audio/Peggy Gou  Boiler Room x Dekmantel Festival Amsterdam - Boiler Room (720p, h264, youtube).mp3",124.70439147949219,139729.8125,1.7143222093582153,C#,minor,2801.19775390625
186,Yaeji,New_York,15,Etude - Free Tempo,120.0,"Yaeji  Boiler Room New York - Boiler Room (720p, h264)","/Users/fokia/CentraleSupelec-CV-and-RL-project/audio/Yaeji  Boiler Room New York - Boiler Room (720p, h264).mp3",123.96084594726562,47272.890625,1.646094560623169,E,minor,1355.158935546875
187,Yaeji,New_York,120,Freak Dub - Randomer,555.0,"Yaeji  Boiler Room New York - Boiler Room (720p, h264)","/Users/fokia/CentraleSupelec-CV-and-RL-project/audio/Yaeji  Boiler Room New York - Boiler Room (720p, h264).mp3",125.47635650634766,458342.15625,1.2167229652404785,F,minor,6208.6513671875
188,Yaeji,New_York,555,"PTMC - Officewerks, played with the tokyo drift acapella",616.0,"Yaeji  Boiler Room New York - Boiler Room (720p, h264)","/Users/fokia/CentraleSupelec-CV-and-RL-project/audio/Yaeji  Boiler Room New York - Boiler Room (720p, h264).mp3",126.96548461914062,64765.80859375,1.2680208683013916,C#,major,1673.40771484375
189,Yaeji,New_York,616,Tokyo Drift,816.0,"Yaeji  Boiler Room New York - Boiler Room (720p, h264)","/Users/fokia/CentraleSupelec-CV-and-RL-project/audio/Yaeji  Boiler Room New York - Boiler Room (720p, h264).mp3",129.40858459472656,122057.875,1.3749157190322876,F,minor,2558.5810546875
190,Yaeji,New_York,816,Heat - Boddika,1230.0,"Yaeji  Boiler Room New York - Boiler Room (720p, h264)","/Users/fokia/CentraleSupelec-CV-and-RL-project/audio/Yaeji  Boiler Room New York - Boiler Room (720p, h264).mp3",130.18087768554688,340533.6875,1.2778544425964355,F,major,5088.0029296875
191,Yaeji,New_York,1230,AQXDM - Aegis (+ Teasing Wii in),1496.0,"Yaeji  Boiler Room New York - Boiler Room (720p, h264)","/Users/fokia/CentraleSupelec-CV-and-RL-project/audio/Yaeji  Boiler Room New York - Boiler Room (720p, h264).mp3",135.5360565185547,280729.3125,1.5344796180725098,D,minor,4470.466796875
192,Yaeji,New_York,1496,Wii,1682.0,"Yaeji  Boiler Room New York - Boiler Room (720p, h264)","/Users/fokia/CentraleSupelec-CV-and-RL-project/audio/Yaeji  Boiler Room New York - Boiler Room (720p, h264).mp3",131.06654357910156,259900.75,1.081560492515564,B,minor,4245.4248046875
193,Yaeji,New_York,1682,Kerosene - Crystal Castles,2207.0,"Yaeji  Boiler Room New York - Boiler Room (720p, h264)","/Users/fokia/CentraleSupelec-CV-and-RL-project/audio/Yaeji  Boiler Room New York - Boiler Room (720p, h264).mp3",134.45285034179688,346763.3125,1.57820463180542,G,minor,5150.1787109375
202,Yung Singh,Melbourne,55,"Mura Masa, Erika de Casier - e-motions",193.0,"Yung Singh  Boiler Room Melbourne - Boiler Room (720p, h264, youtube)","/Users/fokia/CentraleSupelec-CV-and-RL-project/audio/Yung Singh  Boiler Room Melbourne - Boiler Room (720p, h264, youtube).mp3",130.35275268554688,36719.1484375,1.2509769201278687,Bb,major,1144.13720703125
203,Yung Singh,Melbourne,193,The Streets - Has It Come To This (Pj Bridger Refix),471.0,"Yung Singh  Boiler Room Melbourne - Boiler Room (720p, h264, youtube)","/Users/fokia/CentraleSupelec-CV-and-RL-project/audio/Yung Singh  Boiler Room Melbourne - Boiler Room (720p, h264, youtube).mp3",135.3234100341797,69159.015625,1.22135591506958,Ab,minor,1748.6334228515625
204,Yung Singh,Melbourne,471,Raf-Saperra - N.L.S (Nach Le Soniye),601.0,"Yung Singh  Boiler Room Melbourne - Boiler Room (720p, h264, youtube)","/Users/fokia/CentraleSupelec-CV-and-RL-project/audio/Yung Singh  Boiler Room Melbourne - Boiler Room (720p, h264, youtube).mp3",137.74160766601562,32308.72265625,1.1733092069625854,Eb,minor,1050.133056640625
205,Yung Singh,Melbourne,601,Nightcrawlers - Push The Feeling On,754.0,"Yung Singh  Boiler Room Melbourne - Boiler Room (720p, h264, youtube)","/Users/fokia/CentraleSupelec-CV-and-RL-project/audio/Yung Singh  Boiler Room Melbourne - Boiler Room (720p, h264, youtube).mp3",138.1186065673828,32864.92578125,1.5030491352081299,B,minor,1062.21142578125
206,Yung Singh,Melbourne,754,"AJD - Gangsta Massive Ft. Karan Aujla, Drake & YG",902.0,"Yung Singh  Boiler Room Melbourne - Boiler Room (720p, h264, youtube)","/Users/fokia/CentraleSupelec-CV-and-RL-project/audio/Yung Singh  Boiler Room Melbourne - Boiler Room (720p, h264, youtube).mp3",138.0560302734375,40236.90234375,1.5884191989898682,F,minor,1216.4619140625
207,Yung Singh,Melbourne,902,Shaggy - It Wasn’t Me (Soul Mass Transit System Remix),1068.0,"Yung Singh  Boiler Room Melbourne - Boiler Room (720p, h264, youtube)","/Users/fokia/CentraleSupelec-CV-and-RL-project/audio/Yung Singh  Boiler Room Melbourne - Boiler Room (720p, h264, youtube).mp3",137.50811767578125,61945.0,0.969496488571167,C,major,1624.2177734375
208,Yung Singh,Melbourne,1068,Paul Johnson - Get Get Down,1281.0,"Yung Singh  Boiler Room Melbourne - Boiler Room (720p, h264, youtube)","/Users/fokia/CentraleSupelec-CV-and-RL-project/audio/Yung Singh  Boiler Room Melbourne - Boiler Room (720p, h264, youtube).mp3",138.0472869873047,76721.609375,2.0079593658447266,G,minor,1874.541015625
209,Yung Singh,Melbourne,1281,Trotters Independent Traders - Burning,1467.0,"Yung Singh  Boiler Room Melbourne - Boiler Room (720p, h264, youtube)","/Users/fokia/CentraleSupelec-CV-and-RL-project/audio/Yung Singh  Boiler Room Melbourne - Boiler Room (720p, h264, youtube).mp3",138.63296508789062,56885.21875,1.3847886323928833,C#,minor,1534.0859375
210,Yung Singh,Melbourne,1467,Double 99 feat. Top Cat - Rip Groove x Heer (ARJXN Dub),1634.0,"Yung Singh  Boiler Room Melbourne - Boiler Room (720p, h264, youtube)","/Users/fokia/CentraleSupelec-CV-and-RL-project/audio/Yung Singh  Boiler Room Melbourne - Boiler Room (720p, h264, youtube).mp3",142.5148468017578,50570.0625,1.1687991619110107,Ab,major,1417.779541015625
211,Yung Singh,Melbourne,1634,Rebound X - Rhythm N Gash (Pj Bridger Refix),1701.0,"Yung Singh  Boiler Room Melbourne - Boiler Room (720p, h264, youtube)","/Users/fokia/CentraleSupelec-CV-and-RL-project/audio/Yung Singh  Boiler Room Melbourne - Boiler Room (720p, h264, youtube).mp3",142.07931518554688,19425.935546875,1.1736785173416138,C,minor,746.820068359375
212,Yung Singh,Melbourne,1701,Silver - Sisters Dub,1770.0,"Yung Singh  Boiler Room Melbourne - Boiler Room (720p, h264, youtube)","/Users/fokia/CentraleSupelec-CV-and-RL-project/audio/Yung Singh  Boiler Room Melbourne - Boiler Room (720p, h264, youtube).mp3",141.99417114257812,26947.55859375,1.3885668516159058,F,minor,929.9253540039062
213,Yung Singh,Melbourne,1770,Smokey Bubblin’ B - Meet Her At The Garage Tent,1900.0,"Yung Singh  Boiler Room Melbourne - Boiler Room (720p, h264, youtube)","/Users/fokia/CentraleSupelec-CV-and-RL-project/audio/Yung Singh  Boiler Room Melbourne - Boiler Room (720p, h264, youtube).mp3",141.99594116210938,41877.2734375,0.9826419353485107,F#,minor,1249.4693603515625
214,Yung Singh,Melbourne,1900,T2 feat. Jodie Aysha - Heartbroken,2108.0,"Yung Singh  Boiler Room Melbourne - Boiler Room (720p, h264, youtube)","/Users/fokia/CentraleSupelec-CV-and-RL-project/audio/Yung Singh  Boiler Room Melbourne - Boiler Room (720p, h264, youtube).mp3",143.56190490722656,83981.234375,1.4144561290740967,E,minor,1991.600341796875
215,Yung Singh,Melbourne,2108,Sk*n On Sk*n - B*rn D*m Br*dg*s [this line triggers YouTube's spam filter for some reason],2260.0,"Yung Singh  Boiler Room Melbourne - Boiler Room (720p, h264, youtube)","/Users/fokia/CentraleSupelec-CV-and-RL-project/audio/Yung Singh  Boiler Room Melbourne - Boiler Room (720p, h264, youtube).mp3",144.86801147460938,54413.45703125,1.590898871421814,E,minor,1489.09814453125
216,Yung Singh,Melbourne,2260,"Vengaboys - Boom, Boom, Boom, Boom!! (ID edit)",2360.0,"Yung Singh  Boiler Room Melbourne - Boiler Room (720p, h264, youtube)","/Users/fokia/CentraleSupelec-CV-and-RL-project/audio/Yung Singh  Boiler Room Melbourne - Boiler Room (720p, h264, youtube).mp3",73.5069351196289,13837.091796875,1.5353779792785645,E,major,594.9768676757812
217,Yung Singh,Melbourne,2360,Sash! - Encore Une Fois (Future Breeze Edit),2535.0,"Yung Singh  Boiler Room Melbourne - Boiler Room (720p, h264, youtube)","/Users/fokia/CentraleSupelec-CV-and-RL-project/audio/Yung Singh  Boiler Room Melbourne - Boiler Room (720p, h264, youtube).mp3",148.9563751220703,40064.6171875,1.444050908088684,B,minor,1212.9697265625
218,Yung Singh,Melbourne,2535,DJ Daddy Trance (Marlon Hoffstadt) - Day n Night,2729.0,"Yung Singh  Boiler Room Melbourne - Boiler Room (720p, h264, youtube)","/Users/fokia/CentraleSupelec-CV-and-RL-project/audio/Yung Singh  Boiler Room Melbourne - Boiler Room (720p, h264, youtube).mp3",149.99176025390625,42948.33984375,1.2379789352416992,G,major,1270.791015625
219,Yung Singh,Melbourne,2729,CZETAN - Ik Banere Mashup (Sammy Virji - Blue Roll x Tigerstyle ft. Ms Rajni - Ik Banere),2880.0,"Yung Singh  Boiler Room Melbourne - Boiler Room (720p, h264, youtube)","/Users/fokia/CentraleSupelec-CV-and-RL-project/audio/Yung Singh  Boiler Room Melbourne - Boiler Room (720p, h264, youtube).mp3",76.67591094970703,23070.794921875,1.3720372915267944,B,minor,838.015380859375
220,Yung Singh,Melbourne,2880,Y U QT - Y’all Ready For Dis,3006.0,"Yung Singh  Boiler Room Melbourne - Boiler Room (720p, h264, youtube)","/Users/fokia/CentraleSupelec-CV-and-RL-project/audio/Yung Singh  Boiler Room Melbourne - Boiler Room (720p, h264, youtube).mp3",83.30713653564453,18660.41015625,1.229893684387207,E,minor,726.9713134765625
221,Yung Singh,Melbourne,3006,MC D (aka D Double E) & Watch the Ride - Original Format,3154.0,"Yung Singh  Boiler Room Melbourne - Boiler Room (720p, h264, youtube)","/Users/fokia/CentraleSupelec-CV-and-RL-project/audio/Yung Singh  Boiler Room Melbourne - Boiler Room (720p, h264, youtube).mp3",84.42800903320312,31375.93359375,1.194616675376892,A,minor,1029.7216796875
222,Yung Singh,Melbourne,3154,M-Beat & General Levy - Incredible,3262.0,"Yung Singh  Boiler Room Melbourne - Boiler Room (720p, h264, youtube)","/Users/fokia/CentraleSupelec-CV-and-RL-project/audio/Yung Singh  Boiler Room Melbourne - Boiler Room (720p, h264, youtube).mp3",113.28408813476562,18945.76953125,1.2360914945602417,A,minor,734.4010620117188
223,Yung Singh,Melbourne,3262,JK - Panga Peh Giyah x Minor Forms - Versatile Sound,3422.0,"Yung Singh  Boiler Room Melbourne - Boiler Room (720p, h264, youtube)","/Users/fokia/CentraleSupelec-CV-and-RL-project/audio/Yung Singh  Boiler Room Melbourne - Boiler Room (720p, h264, youtube).mp3",172.26593017578125,31678.203125,1.2740201950073242,F,minor,1036.3575439453125
224,Yung Singh,Melbourne,3422,piri & tommy - on and on,3566.0,"Yung Singh  Boiler Room Melbourne - Boiler Room (720p, h264, youtube)","/Users/fokia/CentraleSupelec-CV-and-RL-project/audio/Yung Singh  Boiler Room Melbourne - Boiler Room (720p, h264, youtube).mp3",85.99202728271484,32461.751953125,1.0383845567703247,B,minor,1053.4630126953125
225,Yung Singh,Melbourne,3566,Vampire Weekend - A-Punk,inf,"Yung Singh  Boiler Room Melbourne - Boiler Room (720p, h264, youtube)","/Users/fokia/CentraleSupelec-CV-and-RL-project/audio/Yung Singh  Boiler Room Melbourne - Boiler Room (720p, h264, youtube).mp3",178.20582580566406,20838.837890625,1.167210340499878,D,major,782.7901000976562
226,Yusuke Yukimatsu,Tokyo,45,100 gecs - Dumbest Girl Alive,168.0,"¥ØUUK€ ¥UK1MATU  Boiler Room Tokyo - Boiler Room (720p, h264)","/Users/fokia/CentraleSupelec-CV-and-RL-project/audio/¥ØUUK€ ¥UK1MATU  Boiler Room Tokyo - Boiler Room (720p, h264).mp3",152.97911071777344,145439.875,1.2964006662368774,F,major,2877.38525390625
227,Yusuke Yukimatsu,Tokyo,168,Tzusing - Residual Stress,278.0,"¥ØUUK€ ¥UK1MATU  Boiler Room Tokyo - Boiler Room (720p, h264)","/Users/fokia/CentraleSupelec-CV-and-RL-project/audio/¥ØUUK€ ¥UK1MATU  Boiler Room Tokyo - Boiler Room (720p, h264).mp3",152.91404724121094,63499.26171875,2.554797649383545,Eb,major,1651.41064453125
