Unnamed: 0.1,dj,location,timestamp,song,timestamp_end,video_name,audio_path,bpm,energy,danceability,key,scale,loudness,pct_Positive,pct_Neutral,pct_Negative,face_count,reward,avg_motion_energy,peak_motion_energy
0,Marlon Hoffstadt,Melbourne,0,Klubbheads - Kickin' Hard (DJ Daddy Trance Extended Remix),288.0,"Marlon Hoffstadt  Boiler Room Melbourne - Boiler Room (720p, h264)","/Users/fokia/CentraleSupelec-CV-and-RL-project/audio/Marlon Hoffstadt  Boiler Room Melbourne - Boiler Room (720p, h264).mp3",148.9506378173828,364964.53125,1.14202082157135,G,minor,5329.7646484375,0.3846153846153846,0.4615384615384615,0.1538461538461538,13.0,0.33076535032775606,4.923429522707046,43.051231384277344
1,KETTAMA,London,0,Jump (Rushing mix)- Soul Mass Transit System,320.0,"KETTAMA  Boiler Room London - Boiler Room (720p, h264)","/Users/fokia/CentraleSupelec-CV-and-RL-project/audio/KETTAMA  Boiler Room London - Boiler Room (720p, h264).mp3",140.49623107910156,462075.65625,1.066279053688049,F#,minor,6242.490234375,0.3134328358208955,0.5671641791044776,0.1194029850746268,67.0,0.23762466831760543,2.469234300769172,63.2868766784668
2,Felix Da Housecat,Circus,0,Gino Soccio - Dancer ( ??? Remix),350.0,"Funky Disco & House Mix Inside a Circus  Felix da Housecat - Book Club Radio (720p, h264, youtube)","/Users/fokia/CentraleSupelec-CV-and-RL-project/audio/Funky Disco & House Mix Inside a Circus  Felix da Housecat - Book Club Radio (720p, h264, youtube).mp3",124.96114349365234,261485.53125,1.628826379776001,F,minor,4262.75146484375,0.3703703703703703,0.3333333333333333,0.2962962962962963,27.0,0.11620148795602035,2.405383024357607,52.59035110473633
3,Chase & Status,London,0,Chase & Status & Mozey ft. Sav'o & Horrid1 - On The Block,381.0,"Chase & Status  Boiler Room London - Boiler Room (720p, h264)","/Users/fokia/CentraleSupelec-CV-and-RL-project/audio/Chase & Status  Boiler Room London - Boiler Room (720p, h264).mp3",172.26551818847656,1851701.0,1.1600732803344729,G,minor,15822.408203125,0.1666666666666666,0.4166666666666667,0.4166666666666667,12.0,-0.13940290598729788,5.384710733187537,48.90787887573242
4,AZYR,Teletech,7,Smac U - The intro,102.0,"AZYR  Boiler Room x Teletech Festival 2023 - Boiler Room (720p, h264)","/Users/fokia/CentraleSupelec-CV-and-RL-project/audio/AZYR  Boiler Room x Teletech Festival 2023 - Boiler Room (720p, h264).mp3",155.1814422607422,64804.484375,1.0798448324203491,C,minor,1674.0771484375,0.28,0.44,0.28,25.0,0.03191801574587707,1.9611405114791973,40.69721984863281
5,Peggy Gou,Amsterdam,9,Masters At Work - The Ha Dance [Defected 2010],320.0,"Peggy Gou  Boiler Room x Dekmantel Festival Amsterdam - Boiler Room (720p, h264, youtube)","/Users/fokia/CentraleSupelec-CV-and-RL-project/audio/Peggy Gou  Boiler Room x Dekmantel Festival Amsterdam - Boiler Room (720p, h264, youtube).mp3",123.02732849121094,146197.5,1.6002296209335327,Eb,major,2887.419189453125,0.2142857142857142,0.5,0.2857142857142857,14.0,0.029003031012059616,4.9423787308076355,44.56578063964844
6,Yaeji,New_York,15,Etude - Free Tempo,120.0,"Yaeji  Boiler Room New York - Boiler Room (720p, h264)","/Users/fokia/CentraleSupelec-CV-and-RL-project/audio/Yaeji  Boiler Room New York - Boiler Room (720p, h264).mp3",123.96084594726562,47272.890625,1.646094560623169,E,minor,1355.158935546875,0.0909090909090909,0.696969696969697,0.2121212121212121,33.0,0.04374802125221784,7.750215235021379,43.86886215209961
7,MInanokimochi,Tokyo,34,A. G. Cook - Xxoplex,50.0,"Minna-no-kimochi (みんなのきもち)  Boiler Room Tokyo Tohji Presents u-ha - Boiler Room (720p, h264)","/Users/fokia/CentraleSupelec-CV-and-RL-project/audio/Minna-no-kimochi (みんなのきもち)  Boiler Room Tokyo Tohji Presents u-ha - Boiler Room (720p, h264).mp3",80.31471252441406,9324.71875,0.9083544611930848,F#,minor,456.7262878417969,0.1111111111111111,0.5,0.3888888888888889,18.0,-0.1519561560068932,6.047177058679086,14.280900955200195
8,Yusuke Yukimatsu,Tokyo,45,100 gecs - Dumbest Girl Alive,168.0,"¥ØUUK€ ¥UK1MATU  Boiler Room Tokyo - Boiler Room (720p, h264)","/Users/fokia/CentraleSupelec-CV-and-RL-project/audio/¥ØUUK€ ¥UK1MATU  Boiler Room Tokyo - Boiler Room (720p, h264).mp3",152.97911071777344,145439.875,1.2964006662368774,F,major,2877.38525390625,0.1875,0.5625,0.25,32.0,0.021693491538150478,4.235808265480128,20.100767135620117
9,MInanokimochi,Tokyo,50,Lorenzi - Back To You,140.0,"Minna-no-kimochi (みんなのきもち)  Boiler Room Tokyo Tohji Presents u-ha - Boiler Room (720p, h264)","/Users/fokia/CentraleSupelec-CV-and-RL-project/audio/Minna-no-kimochi (みんなのきもち)  Boiler Room Tokyo Tohji Presents u-ha - Boiler Room (720p, h264).mp3",80.47028350830078,145139.3125,1.271958351135254,Bb,major,2873.39990234375,0.1904761904761904,0.5952380952380952,0.2142857142857142,84.0,0.13768871399426127,7.5995770480045985,47.38330841064453
10,Yung Singh,Melbourne,55,"Mura Masa, Erika de Casier - e-motions",193.0,"Yung Singh  Boiler Room Melbourne - Boiler Room (720p, h264, youtube)","/Users/fokia/CentraleSupelec-CV-and-RL-project/audio/Yung Singh  Boiler Room Melbourne - Boiler Room (720p, h264, youtube).mp3",130.35275268554688,36719.1484375,1.2509769201278689,Bb,major,1144.13720703125,0.2385321100917431,0.5229357798165137,0.2385321100917431,109.0,0.06354487851717061,3.337323201655824,72.76399993896484
11,Fred Again..,London,70,Fred again.. & Swedish House Mafia - Not Alone (Intro Edit),90.0,Fred again.. ｜ Boiler Room： London,/Users/fokia/CentraleSupelec-CV-and-RL-project/audio/Fred again.. ｜ Boiler Room： London.mp3,94.37866973876952,12904.1357421875,1.1199631690979004,Eb,minor,567.7909545898438,0.2741935483870967,0.6048387096774194,0.1209677419354838,124.0,0.17584147860581384,1.556366749329142,8.513775825500488
12,Fred Again..,London,90,Fred again.. - Kammy (like I do),375.0,Fred again.. ｜ Boiler Room： London,/Users/fokia/CentraleSupelec-CV-and-RL-project/audio/Fred again.. ｜ Boiler Room： London.mp3,131.9851531982422,914032.8125,1.195185899734497,G,minor,9859.263671875,0.2558139534883721,0.6046511627906976,0.1395348837209302,43.0,0.20581187877419876,4.468138494715617,45.91560363769531
13,AZYR,Teletech,102,Ventur - Bring that beat (Alex Farell Remix),275.0,"AZYR  Boiler Room x Teletech Festival 2023 - Boiler Room (720p, h264)","/Users/fokia/CentraleSupelec-CV-and-RL-project/audio/AZYR  Boiler Room x Teletech Festival 2023 - Boiler Room (720p, h264).mp3",161.54547119140625,217389.75,1.1832597255706787,A,minor,3766.606689453125,0.24,0.61,0.15,100.0,0.19080596117434018,4.958668238020934,56.6092414855957
14,Yaeji,New_York,120,Freak Dub - Randomer,555.0,"Yaeji  Boiler Room New York - Boiler Room (720p, h264)","/Users/fokia/CentraleSupelec-CV-and-RL-project/audio/Yaeji  Boiler Room New York - Boiler Room (720p, h264).mp3",125.47635650634766,458342.15625,1.2167229652404783,F,minor,6208.6513671875,0.1923076923076923,0.7692307692307693,0.0384615384615384,26.0,0.2630333571930377,5.323362026445062,53.415225982666016
15,MInanokimochi,Tokyo,140,DJ Break Da Law - Drosera,260.0,"Minna-no-kimochi (みんなのきもち)  Boiler Room Tokyo Tohji Presents u-ha - Boiler Room (720p, h264)","/Users/fokia/CentraleSupelec-CV-and-RL-project/audio/Minna-no-kimochi (みんなのきもち)  Boiler Room Tokyo Tohji Presents u-ha - Boiler Room (720p, h264).mp3",161.56141662597656,473019.59375,0.9218375086784364,D,minor,6341.166015625,0.2619047619047619,0.5952380952380952,0.1428571428571428,42.0,0.319047619047619,9.274907891246523,30.47849464416504
16,Yusuke Yukimatsu,Tokyo,168,Tzusing - Residual Stress,278.0,"¥ØUUK€ ¥UK1MATU  Boiler Room Tokyo - Boiler Room (720p, h264)","/Users/fokia/CentraleSupelec-CV-and-RL-project/audio/¥ØUUK€ ¥UK1MATU  Boiler Room Tokyo - Boiler Room (720p, h264).mp3",152.91404724121094,63499.26171875,2.554797649383545,Eb,major,1651.41064453125,0.2,0.6142857142857143,0.1857142857142857,70.0,0.052355794532038404,2.2288358796726575,9.47044277191162
17,Yung Singh,Melbourne,193,The Streets - Has It Come To This (Pj Bridger Refix),471.0,"Yung Singh  Boiler Room Melbourne - Boiler Room (720p, h264, youtube)","/Users/fokia/CentraleSupelec-CV-and-RL-project/audio/Yung Singh  Boiler Room Melbourne - Boiler Room (720p, h264, youtube).mp3",135.3234100341797,69159.015625,1.22135591506958,Ab,minor,1748.6334228515625,0.217391304347826,0.5434782608695652,0.2391304347826087,46.0,0.059106822060946286,4.090146480491057,26.105148315429688
18,MInanokimochi,Tokyo,260,Merely - The Killing Sun (Makinarium Remix),465.0,"Minna-no-kimochi (みんなのきもち)  Boiler Room Tokyo Tohji Presents u-ha - Boiler Room (720p, h264)","/Users/fokia/CentraleSupelec-CV-and-RL-project/audio/Minna-no-kimochi (みんなのきもち)  Boiler Room Tokyo Tohji Presents u-ha - Boiler Room (720p, h264).mp3",161.53631591796875,241330.53125,1.354146957397461,E,major,4039.711181640625,0.2676056338028169,0.5211267605633803,0.2112676056338028,71.0,0.21974587562834452,7.682670074712928,44.39921951293945
19,AZYR,Teletech,275,Sikoti - You can’t hide,395.0,"AZYR  Boiler Room x Teletech Festival 2023 - Boiler Room (720p, h264)","/Users/fokia/CentraleSupelec-CV-and-RL-project/audio/AZYR  Boiler Room x Teletech Festival 2023 - Boiler Room (720p, h264).mp3",156.47679138183594,162514.375,1.1633449792861938,E,major,3099.54248046875,0.25,0.6785714285714286,0.0714285714285714,28.0,0.28319444496548724,5.1247601251237205,38.05615234375
20,Marlon Hoffstadt,Melbourne,288,Andy Farley - Beef Jerky,600.0,"Marlon Hoffstadt  Boiler Room Melbourne - Boiler Room (720p, h264)","/Users/fokia/CentraleSupelec-CV-and-RL-project/audio/Marlon Hoffstadt  Boiler Room Melbourne - Boiler Room (720p, h264).mp3",149.41766357421875,200068.8125,1.165863037109375,Ab,minor,3562.79052734375,0.217391304347826,0.7391304347826086,0.0434782608695652,23.0,0.27290485245325047,4.879728860690149,43.8464241027832
21,Peggy Gou,Amsterdam,320,Jessie Ware - Midnight (Peggy Gou's After Midnight Mix) [Universal/Islands Records 2017],510.0,"Peggy Gou  Boiler Room x Dekmantel Festival Amsterdam - Boiler Room (720p, h264, youtube)","/Users/fokia/CentraleSupelec-CV-and-RL-project/audio/Peggy Gou  Boiler Room x Dekmantel Festival Amsterdam - Boiler Room (720p, h264, youtube).mp3",123.80419921875,130413.015625,1.4641779661178589,C#,major,2674.638671875,0.2608695652173913,0.5652173913043478,0.1739130434782608,23.0,0.22519660441980138,6.587542730300334,55.49820327758789
22,KETTAMA,London,320,"Trip Advisor (BUGS 2025 Warp Mix) - Sydney Charles, BUGS",552.0,"KETTAMA  Boiler Room London - Boiler Room (720p, h264)","/Users/fokia/CentraleSupelec-CV-and-RL-project/audio/KETTAMA  Boiler Room London - Boiler Room (720p, h264).mp3",140.6787872314453,293895.96875,1.119109272956848,C,minor,4609.88232421875,0.4341943419434194,0.3234932349323493,0.2423124231242312,813.0,0.23155024388405387,2.2983804585911094,49.481937408447266
23,Estella Boersma,Berlin,349,Sonic Rain - São Paulo,630.0,"Estella Boersma  Boiler Room Festival Berlin - Boiler Room (720p, h264, youtube)","/Users/fokia/CentraleSupelec-CV-and-RL-project/audio/Estella Boersma  Boiler Room Festival Berlin - Boiler Room (720p, h264, youtube).mp3",140.2185821533203,408212.53125,1.129294753074646,A,major,5745.0517578125,0.4434782608695652,0.3710144927536232,0.1855072463768116,345.0,0.3095832374330177,2.8180964237256547,32.05418395996094
24,Felix Da Housecat,Circus,350,Felix Da Housecat - Funky Dunk,550.0,"Funky Disco & House Mix Inside a Circus  Felix da Housecat - Book Club Radio (720p, h264, youtube)","/Users/fokia/CentraleSupelec-CV-and-RL-project/audio/Funky Disco & House Mix Inside a Circus  Felix da Housecat - Book Club Radio (720p, h264, youtube).mp3",125.07955932617188,168293.90625,1.3848400115966797,C,major,3172.969482421875,0.3636363636363636,0.3757575757575757,0.2606060606060606,165.0,0.1621174331088138,3.143352769532733,54.2802848815918
25,Fred Again..,London,375,Fred again.. - Danielle (Smile On My Face),592.0,Fred again.. ｜ Boiler Room： London,/Users/fokia/CentraleSupelec-CV-and-RL-project/audio/Fred again.. ｜ Boiler Room： London.mp3,132.06869506835938,631886.5625,1.1150264739990234,F,major,7698.8935546875,0.4361525704809287,0.3432835820895522,0.220563847429519,603.0,0.30740726209308566,4.5675976832927265,43.62230682373047
26,Chase & Status,London,381,Chase & Status ft. Burro Banton - Delete,491.0,"Chase & Status  Boiler Room London - Boiler Room (720p, h264)","/Users/fokia/CentraleSupelec-CV-and-RL-project/audio/Chase & Status  Boiler Room London - Boiler Room (720p, h264).mp3",87.56379699707031,741488.4375,1.3275784254074097,G,minor,8569.787109375,0.4477848101265823,0.3212025316455696,0.2310126582278481,632.0,0.33378301703951707,5.663793766779822,35.46598815917969
27,AZYR,Teletech,395,Sikoti - Bang bang bang,519.0,"AZYR  Boiler Room x Teletech Festival 2023 - Boiler Room (720p, h264)","/Users/fokia/CentraleSupelec-CV-and-RL-project/audio/AZYR  Boiler Room x Teletech Festival 2023 - Boiler Room (720p, h264).mp3",156.42019653320312,99513.1171875,0.9796500205993652,F,major,2231.412841796875,0.4457028647568288,0.324450366422385,0.2298467688207861,1501.0,0.29742053972782234,4.121410260645856,39.8182487487793
28,MInanokimochi,Tokyo,465,TRANCEMAN2000 - Falling van Buuren,650.0,"Minna-no-kimochi (みんなのきもち)  Boiler Room Tokyo Tohji Presents u-ha - Boiler Room (720p, h264)","/Users/fokia/CentraleSupelec-CV-and-RL-project/audio/Minna-no-kimochi (みんなのきもち)  Boiler Room Tokyo Tohji Presents u-ha - Boiler Room (720p, h264).mp3",161.55259704589844,473854.1875,1.4417409896850586,C#,minor,6348.65966796875,0.4232456140350877,0.3289473684210526,0.2478070175438596,456.0,0.35629391702464125,8.441863631326745,53.91437911987305
29,Yung Singh,Melbourne,471,Raf-Saperra - N.L.S (Nach Le Soniye),601.0,"Yung Singh  Boiler Room Melbourne - Boiler Room (720p, h264, youtube)","/Users/fokia/CentraleSupelec-CV-and-RL-project/audio/Yung Singh  Boiler Room Melbourne - Boiler Room (720p, h264, youtube).mp3",137.74160766601562,32308.72265625,1.1733092069625854,Eb,minor,1050.133056640625,0.3676470588235294,0.4558823529411764,0.1764705882352941,68.0,0.30857312118250213,5.680580485938331,40.10816192626953
30,Chase & Status,London,491,T>I - Dye Migration (Serum Remix),568.0,"Chase & Status  Boiler Room London - Boiler Room (720p, h264)","/Users/fokia/CentraleSupelec-CV-and-RL-project/audio/Chase & Status  Boiler Room London - Boiler Room (720p, h264).mp3",172.2657012939453,573524.9375,1.1695815324783323,E,minor,7214.89697265625,0.3861003861003861,0.3590733590733591,0.2548262548262548,259.0,0.21810046525255516,4.350371389191386,57.95579528808594
31,Peggy Gou,Amsterdam,510,The Shytowne Project - Everybody's Doing Their Own Thing (ID Remix) [?],728.0,"Peggy Gou  Boiler Room x Dekmantel Festival Amsterdam - Boiler Room (720p, h264, youtube)","/Users/fokia/CentraleSupelec-CV-and-RL-project/audio/Peggy Gou  Boiler Room x Dekmantel Festival Amsterdam - Boiler Room (720p, h264, youtube).mp3",123.79976654052734,174539.65625,1.6030923128128052,Eb,major,3251.390625,0.3911290322580645,0.3991935483870967,0.2096774193548387,248.0,0.3196322870748279,6.584957682190414,35.82749938964844
32,AZYR,Teletech,519,Byørn - Underground hour,706.0,"AZYR  Boiler Room x Teletech Festival 2023 - Boiler Room (720p, h264)","/Users/fokia/CentraleSupelec-CV-and-RL-project/audio/AZYR  Boiler Room x Teletech Festival 2023 - Boiler Room (720p, h264).mp3",156.06533813476562,162230.390625,0.9437419772148132,Bb,major,3095.912353515625,0.3076923076923077,0.4294871794871794,0.2628205128205128,156.0,0.1173895310861178,3.7277600127152906,48.22506332397461
33,Felix Da Housecat,Circus,550,Marlon D - Jesus Creates Sound (Main Mix),790.0,"Funky Disco & House Mix Inside a Circus  Felix da Housecat - Book Club Radio (720p, h264, youtube)","/Users/fokia/CentraleSupelec-CV-and-RL-project/audio/Funky Disco & House Mix Inside a Circus  Felix da Housecat - Book Club Radio (720p, h264, youtube).mp3",125.00559997558594,213608.1875,1.2707107067108154,Ab,major,3722.580322265625,0.3995157384987893,0.4043583535108959,0.1961259079903147,413.0,0.2426120544310741,2.278969217125453,34.3787956237793
34,KETTAMA,London,552,"Blessing (KETTAMA remix) - Calvin Harris, KETTAMA",792.0,"KETTAMA  Boiler Room London - Boiler Room (720p, h264)","/Users/fokia/CentraleSupelec-CV-and-RL-project/audio/KETTAMA  Boiler Room London - Boiler Room (720p, h264).mp3",140.91322326660156,343326.90625,1.3230243921279907,C,minor,5115.92724609375,0.4385245901639344,0.3319672131147541,0.2295081967213114,244.0,0.21258843645227524,0.7277195016907018,49.97168731689453
35,Yaeji,New_York,555,"PTMC - Officewerks, played with the tokyo drift acapella",616.0,"Yaeji  Boiler Room New York - Boiler Room (720p, h264)","/Users/fokia/CentraleSupelec-CV-and-RL-project/audio/Yaeji  Boiler Room New York - Boiler Room (720p, h264).mp3",126.96548461914062,64765.80859375,1.2680208683013916,C#,major,1673.40771484375,0.25,0.375,0.375,16.0,-0.031349097233517476,4.647329500464142,35.554325103759766
36,Chase & Status,London,568,Chase & Status ft. Popcaan & IRAH - Censor (VIP),727.0,"Chase & Status  Boiler Room London - Boiler Room (720p, h264)","/Users/fokia/CentraleSupelec-CV-and-RL-project/audio/Chase & Status  Boiler Room London - Boiler Room (720p, h264).mp3",87.4891128540039,995353.8125,1.0219788551330566,G,minor,10438.666015625,0.3616438356164383,0.4273972602739726,0.210958904109589,365.0,0.2619264192749113,5.412750300001259,32.64781951904297
37,Fred Again..,London,592,Fred again.. - Tanya (Maybe Life),809.0,Fred again.. ｜ Boiler Room： London,/Users/fokia/CentraleSupelec-CV-and-RL-project/audio/Fred again.. ｜ Boiler Room： London.mp3,132.64736938476562,576223.875,1.3750931024551392,F,major,7237.62744140625,0.366,0.456,0.178,500.0,0.30294432834746,5.573872354588237,46.93190002441406
38,Marlon Hoffstadt,Melbourne,600,Question Mark - The Birds,881.0,"Marlon Hoffstadt  Boiler Room Melbourne - Boiler Room (720p, h264)","/Users/fokia/CentraleSupelec-CV-and-RL-project/audio/Marlon Hoffstadt  Boiler Room Melbourne - Boiler Room (720p, h264).mp3",151.07421875,188466.53125,1.182292938232422,A,minor,3423.0009765625,0.3710223425863236,0.3994583615436696,0.2295192958700067,1477.0,0.21776920807151684,3.8908655926648787,54.23466110229492
39,Yung Singh,Melbourne,601,Nightcrawlers - Push The Feeling On,754.0,"Yung Singh  Boiler Room Melbourne - Boiler Room (720p, h264, youtube)","/Users/fokia/CentraleSupelec-CV-and-RL-project/audio/Yung Singh  Boiler Room Melbourne - Boiler Room (720p, h264, youtube).mp3",138.1186065673828,32864.92578125,1.50304913520813,B,minor,1062.21142578125,0.3783783783783784,0.4273648648648648,0.1942567567567567,592.0,0.3003864628089781,5.631331955483937,29.73278427124023
40,Yaeji,New_York,616,Tokyo Drift,816.0,"Yaeji  Boiler Room New York - Boiler Room (720p, h264)","/Users/fokia/CentraleSupelec-CV-and-RL-project/audio/Yaeji  Boiler Room New York - Boiler Room (720p, h264).mp3",129.40858459472656,122057.875,1.3749157190322876,F,minor,2558.5810546875,0.3396892655367232,0.432909604519774,0.2274011299435028,1416.0,0.24338663850041226,6.276790489844226,55.8441276550293
41,Estella Boersma,Berlin,630,Beastie Boys - Intergalactic (AnG Remix),778.0,"Estella Boersma  Boiler Room Festival Berlin - Boiler Room (720p, h264, youtube)","/Users/fokia/CentraleSupelec-CV-and-RL-project/audio/Estella Boersma  Boiler Room Festival Berlin - Boiler Room (720p, h264, youtube).mp3",140.9402313232422,135579.65625,1.0633994340896606,E,major,2745.177490234375,0.3968702200258854,0.3742401066792171,0.2288896732948974,25497.0,0.2239691630231013,3.0085268442125614,35.28787612915039
42,MInanokimochi,Tokyo,650,Panteros666 - Meteociel (Dirpix Remix),710.0,"Minna-no-kimochi (みんなのきもち)  Boiler Room Tokyo Tohji Presents u-ha - Boiler Room (720p, h264)","/Users/fokia/CentraleSupelec-CV-and-RL-project/audio/Minna-no-kimochi (みんなのきもち)  Boiler Room Tokyo Tohji Presents u-ha - Boiler Room (720p, h264).mp3",161.5369873046875,164935.328125,1.0598899126052856,F#,minor,3130.403076171875,0.4880838894184938,0.2697807435653003,0.2421353670162059,1049.0,0.40464282876582425,7.477569312352279,52.57609939575195
43,AZYR,Teletech,706,Veseli - Scream,822.0,"AZYR  Boiler Room x Teletech Festival 2023 - Boiler Room (720p, h264)","/Users/fokia/CentraleSupelec-CV-and-RL-project/audio/AZYR  Boiler Room x Teletech Festival 2023 - Boiler Room (720p, h264).mp3",161.57339477539062,98694.0234375,1.1236287355422974,C,major,2219.090087890625,0.5087719298245614,0.2894736842105263,0.2017543859649122,570.0,0.4188000958694963,5.436293679855367,48.05989074707031
44,MInanokimochi,Tokyo,710,Lyra Valenza - Reality Blizz,817.0,"Minna-no-kimochi (みんなのきもち)  Boiler Room Tokyo Tohji Presents u-ha - Boiler Room (720p, h264)","/Users/fokia/CentraleSupelec-CV-and-RL-project/audio/Minna-no-kimochi (みんなのきもち)  Boiler Room Tokyo Tohji Presents u-ha - Boiler Room (720p, h264).mp3",161.4991455078125,160789.71875,0.9360049366950988,A,major,3077.465087890625,0.465975664713835,0.3190626408292023,0.2149616944569626,2219.0,0.39201331788336535,6.70760688852908,41.31108856201172
45,Chase & Status,London,727,Mtox & Evoke - Listen Up w/ Watch The Ride & Nia Archives - Mashup The Dance (Kings Of The Rollers Remix),836.0,"Chase & Status  Boiler Room London - Boiler Room (720p, h264)","/Users/fokia/CentraleSupelec-CV-and-RL-project/audio/Chase & Status  Boiler Room London - Boiler Room (720p, h264).mp3",87.52417755126953,652653.0,1.1101644039154053,Eb,major,7867.50927734375,0.4954730647351743,0.2831598008148484,0.2213671344499773,8836.0,0.4196306009140362,6.904517699073959,48.86930847167969
46,Peggy Gou,Amsterdam,728,Hugg & Pepp - Snabeln [Dahlbäck Records 2005],937.0,"Peggy Gou  Boiler Room x Dekmantel Festival Amsterdam - Boiler Room (720p, h264, youtube)","/Users/fokia/CentraleSupelec-CV-and-RL-project/audio/Peggy Gou  Boiler Room x Dekmantel Festival Amsterdam - Boiler Room (720p, h264, youtube).mp3",125.0405731201172,75548.6875,1.497341513633728,C#,minor,1855.2913818359375,0.494280266920877,0.273117254528122,0.2326024785510009,2098.0,0.398668377758455,6.53317340974826,47.86002349853515
47,Yung Singh,Melbourne,754,"AJD - Gangsta Massive Ft. Karan Aujla, Drake & YG",902.0,"Yung Singh  Boiler Room Melbourne - Boiler Room (720p, h264, youtube)","/Users/fokia/CentraleSupelec-CV-and-RL-project/audio/Yung Singh  Boiler Room Melbourne - Boiler Room (720p, h264, youtube).mp3",138.0560302734375,40236.90234375,1.5884191989898682,F,minor,1216.4619140625,0.4888535031847134,0.2834394904458598,0.2277070063694267,1256.0,0.3406043428293785,4.029745671028389,33.95473861694336
48,Estella Boersma,Berlin,778,X CLUB. - Block Rockin',1200.0,"Estella Boersma  Boiler Room Festival Berlin - Boiler Room (720p, h264, youtube)","/Users/fokia/CentraleSupelec-CV-and-RL-project/audio/Estella Boersma  Boiler Room Festival Berlin - Boiler Room (720p, h264, youtube).mp3",141.2751922607422,361441.0625,1.0767838954925537,A,major,5295.23486328125,0.5141700404858299,0.3178137651821862,0.1680161943319838,988.0,0.41829489922596086,3.711369363293722,24.784812927246097
49,Felix Da Housecat,Circus,790,Kristin Velvet - Light Up The Night,1040.0,"Funky Disco & House Mix Inside a Circus  Felix da Housecat - Book Club Radio (720p, h264, youtube)","/Users/fokia/CentraleSupelec-CV-and-RL-project/audio/Funky Disco & House Mix Inside a Circus  Felix da Housecat - Book Club Radio (720p, h264, youtube).mp3",125.04359436035156,353209.96875,1.6110948324203491,Ab,minor,5214.1337890625,0.516560139453806,0.2643811737361999,0.2190586868099941,1721.0,0.36912151238469293,3.6886993308808997,74.49870300292969
50,KETTAMA,London,792,Skepta Dub -  6 Sense Ned Bennett (Soundcloud),940.0,"KETTAMA  Boiler Room London - Boiler Room (720p, h264)","/Users/fokia/CentraleSupelec-CV-and-RL-project/audio/KETTAMA  Boiler Room London - Boiler Room (720p, h264).mp3",141.1730194091797,193390.078125,1.1468369960784912,C,minor,3482.659423828125,0.4903664525878353,0.2625613902531167,0.2470721571590479,2647.0,0.24820559487059585,0.7859946943005087,30.92640495300293
51,Fred Again..,London,809,Fred again.. - Pull Me Out,1091.0,Fred again.. ｜ Boiler Room： London,/Users/fokia/CentraleSupelec-CV-and-RL-project/audio/Fred again.. ｜ Boiler Room： London.mp3,133.87893676757812,560530.0,1.2941349744796753,Bb,major,7104.955078125,0.4880673841834347,0.2763999376072376,0.2355326782093277,6411.0,0.3488468857564164,4.76312990056801,36.61236953735352
52,Yaeji,New_York,816,Heat - Boddika,1230.0,"Yaeji  Boiler Room New York - Boiler Room (720p, h264)","/Users/fokia/CentraleSupelec-CV-and-RL-project/audio/Yaeji  Boiler Room New York - Boiler Room (720p, h264).mp3",130.18087768554688,340533.6875,1.2778544425964355,F,major,5088.0029296875,0.4879912663755458,0.2772925764192139,0.2347161572052401,916.0,0.345895050720443,4.602469186925061,45.20592498779297
53,MInanokimochi,Tokyo,817,+ 16:00 AD†AM - NAK3D (Uphoria Remix),930.0,"Minna-no-kimochi (みんなのきもち)  Boiler Room Tokyo Tohji Presents u-ha - Boiler Room (720p, h264)","/Users/fokia/CentraleSupelec-CV-and-RL-project/audio/Minna-no-kimochi (みんなのきもち)  Boiler Room Tokyo Tohji Presents u-ha - Boiler Room (720p, h264).mp3",161.5421142578125,382562.625,1.0222911834716797,F#,minor,5500.609375,0.5061274509803921,0.2589869281045752,0.2348856209150326,2448.0,0.42464850937668175,7.247488293125436,50.80674362182617
54,AZYR,Teletech,822,Nyco - Kick the speaker,985.0,"AZYR  Boiler Room x Teletech Festival 2023 - Boiler Room (720p, h264)","/Users/fokia/CentraleSupelec-CV-and-RL-project/audio/AZYR  Boiler Room x Teletech Festival 2023 - Boiler Room (720p, h264).mp3",156.3228759765625,137509.4375,0.9289127588272096,G,minor,2771.295654296875,0.5008547008547009,0.2991452991452991,0.2,585.0,0.38720302430209635,4.329571671455222,41.34880447387695
55,Chase & Status,London,836,CHASE & Status & Hedex ft. Arrdee - Liquor & Cigarettes w/ Hedex - ID,1120.0,"Chase & Status  Boiler Room London - Boiler Room (720p, h264)","/Users/fokia/CentraleSupelec-CV-and-RL-project/audio/Chase & Status  Boiler Room London - Boiler Room (720p, h264).mp3",87.52278900146484,1748720.625,1.1211682558059692,C,major,15227.2958984375,0.5740740740740741,0.2222222222222222,0.2037037037037037,54.0,0.5168378750013837,6.945543324754407,52.103946685791016
56,Marlon Hoffstadt,Melbourne,881,Andy Farley - Out Of Control (Original Mix),1177.0,"Marlon Hoffstadt  Boiler Room Melbourne - Boiler Room (720p, h264)","/Users/fokia/CentraleSupelec-CV-and-RL-project/audio/Marlon Hoffstadt  Boiler Room Melbourne - Boiler Room (720p, h264).mp3",149.0939178466797,287595.09375,1.066200613975525,Bb,minor,4543.42822265625,0.4725943970767357,0.438489646772229,0.0889159561510353,821.0,0.48517379233488445,4.988665740929449,55.28373718261719
57,Yung Singh,Melbourne,902,Shaggy - It Wasn’t Me (Soul Mass Transit System Remix),1068.0,"Yung Singh  Boiler Room Melbourne - Boiler Room (720p, h264, youtube)","/Users/fokia/CentraleSupelec-CV-and-RL-project/audio/Yung Singh  Boiler Room Melbourne - Boiler Room (720p, h264, youtube).mp3",137.50811767578125,61945.0,0.969496488571167,C,major,1624.2177734375,0.4575311438278596,0.3522083805209513,0.1902604756511891,883.0,0.3354235090569869,3.537829906573221,56.8862190246582
58,MInanokimochi,Tokyo,930,Buga - Hands-Up!,1020.0,"Minna-no-kimochi (みんなのきもち)  Boiler Room Tokyo Tohji Presents u-ha - Boiler Room (720p, h264)","/Users/fokia/CentraleSupelec-CV-and-RL-project/audio/Minna-no-kimochi (みんなのきもち)  Boiler Room Tokyo Tohji Presents u-ha - Boiler Room (720p, h264).mp3",80.41573333740234,254252.71875,1.1394084692001345,F#,minor,4183.38720703125,0.5156054931335831,0.352059925093633,0.132334581772784,801.0,0.5408006876172846,7.426897002958142,43.0428466796875
59,Peggy Gou,Amsterdam,937,Le Gaz Qui Fait Rire (Acid Arab Edit) [Disco Halal 2015],1162.0,"Peggy Gou  Boiler Room x Dekmantel Festival Amsterdam - Boiler Room (720p, h264, youtube)","/Users/fokia/CentraleSupelec-CV-and-RL-project/audio/Peggy Gou  Boiler Room x Dekmantel Festival Amsterdam - Boiler Room (720p, h264, youtube).mp3",124.94110107421876,58159.30078125,1.7641358375549316,C,minor,1557.0225830078125,0.5622669649515287,0.3020134228187919,0.1357196122296793,1341.0,0.48427239921761217,3.0840842969464153,37.91746139526367
60,KETTAMA,London,940,Topper top - Sir Spyro (mixed in with something),1102.0,"KETTAMA  Boiler Room London - Boiler Room (720p, h264)","/Users/fokia/CentraleSupelec-CV-and-RL-project/audio/KETTAMA  Boiler Room London - Boiler Room (720p, h264).mp3",71.04766082763672,286725.59375,1.2099841833114624,C,minor,4534.22021484375,0.5144766146993318,0.3608017817371937,0.1247216035634743,898.0,0.39365627672362186,0.7420449950692098,43.88420867919922
61,AZYR,Teletech,985,Luciid - Green Street (unreleased),1119.0,"AZYR  Boiler Room x Teletech Festival 2023 - Boiler Room (720p, h264)","/Users/fokia/CentraleSupelec-CV-and-RL-project/audio/AZYR  Boiler Room x Teletech Festival 2023 - Boiler Room (720p, h264).mp3",156.53021240234375,144723.578125,1.0069174766540527,C,minor,2867.8828125,0.6233933161953727,0.2699228791773779,0.1066838046272493,778.0,0.607334924643011,4.515681079531924,33.84429168701172
62,Estella Boersma,Berlin,1013,EFESIAN - The Smoke,2590.0,"Estella Boersma  Boiler Room Festival Berlin - Boiler Room (720p, h264, youtube)","/Users/fokia/CentraleSupelec-CV-and-RL-project/audio/Estella Boersma  Boiler Room Festival Berlin - Boiler Room (720p, h264, youtube).mp3",142.12159729003906,1020060.625,1.0469356775283811,A,minor,10611.56640625,0.5357142857142857,0.3382352941176471,0.1260504201680672,476.0,0.47131885524169276,3.255088289467901,44.94408416748047
63,MInanokimochi,Tokyo,1020,Trillosta - Crystal Sky,1091.0,"Minna-no-kimochi (みんなのきもち)  Boiler Room Tokyo Tohji Presents u-ha - Boiler Room (720p, h264)","/Users/fokia/CentraleSupelec-CV-and-RL-project/audio/Minna-no-kimochi (みんなのきもち)  Boiler Room Tokyo Tohji Presents u-ha - Boiler Room (720p, h264).mp3",161.56842041015625,93456.4453125,0.9780682921409608,F,major,2139.480224609375,0.4800280308339173,0.3721093202522775,0.1478626489138051,1427.0,0.47717357982472,6.882044372263919,46.115264892578125
64,Felix Da Housecat,Circus,1040,Hamilton Bohannon - Let's Start The Dance,1220.0,"Funky Disco & House Mix Inside a Circus  Felix da Housecat - Book Club Radio (720p, h264, youtube)","/Users/fokia/CentraleSupelec-CV-and-RL-project/audio/Funky Disco & House Mix Inside a Circus  Felix da Housecat - Book Club Radio (720p, h264, youtube).mp3",124.880859375,111813.4453125,1.1439030170440674,C,major,2412.632080078125,0.5027563395810364,0.3340683572216097,0.1631753031973539,907.0,0.39222337004921937,2.86291972976575,46.0523796081543
65,Yung Singh,Melbourne,1068,Paul Johnson - Get Get Down,1281.0,"Yung Singh  Boiler Room Melbourne - Boiler Room (720p, h264, youtube)","/Users/fokia/CentraleSupelec-CV-and-RL-project/audio/Yung Singh  Boiler Room Melbourne - Boiler Room (720p, h264, youtube).mp3",138.0472869873047,76721.609375,2.0079593658447266,G,minor,1874.541015625,0.5017482517482518,0.3741258741258741,0.1241258741258741,1144.0,0.47836157095770443,4.955762962686635,78.8467788696289
66,Fred Again..,London,1091,Overmono vs. Lil Baby - BBY vs. Real As It Gets (Fred again.. Bootleg),1309.0,Fred again.. ｜ Boiler Room： London,/Users/fokia/CentraleSupelec-CV-and-RL-project/audio/Fred again.. ｜ Boiler Room： London.mp3,135.07070922851562,897671.0,1.1194241046905518,C,major,9740.6650390625,0.5374149659863946,0.3027210884353741,0.1598639455782313,294.0,0.46335746176780557,4.305992704591655,56.81026077270508
67,MInanokimochi,Tokyo,1091,HDMIRROR - ANTHEM,1140.0,"Minna-no-kimochi (みんなのきもち)  Boiler Room Tokyo Tohji Presents u-ha - Boiler Room (720p, h264)","/Users/fokia/CentraleSupelec-CV-and-RL-project/audio/Minna-no-kimochi (みんなのきもち)  Boiler Room Tokyo Tohji Presents u-ha - Boiler Room (720p, h264).mp3",80.43456268310547,131778.3125,0.831602156162262,F,major,2693.366943359375,0.5422222222222223,0.3644444444444444,0.0933333333333333,675.0,0.578209892959762,6.199446013787898,67.13702392578125
68,KETTAMA,London,1102,ID - ID,1170.0,"KETTAMA  Boiler Room London - Boiler Room (720p, h264)","/Users/fokia/CentraleSupelec-CV-and-RL-project/audio/KETTAMA  Boiler Room London - Boiler Room (720p, h264).mp3",142.1531219482422,80152.03125,1.081579327583313,E,minor,1930.2911376953125,0.5073825503355704,0.338255033557047,0.1543624161073825,745.0,0.3530201342281879,0.5722888542060628,17.844362258911133
69,AZYR,Teletech,1119,APHØTIC - Real lies,1287.0,"AZYR  Boiler Room x Teletech Festival 2023 - Boiler Room (720p, h264)","/Users/fokia/CentraleSupelec-CV-and-RL-project/audio/AZYR  Boiler Room x Teletech Festival 2023 - Boiler Room (720p, h264).mp3",156.3391876220703,120238.609375,0.9936018586158752,C#,minor,2532.967041015625,0.4912689173457509,0.3725261932479627,0.1362048894062864,859.0,0.44632751066655685,4.543445465043098,47.33409881591797
70,Chase & Status,London,1120,Chase & Status ft. Cutty Ranks - Retreat2018,1225.0,"Chase & Status  Boiler Room London - Boiler Room (720p, h264)","/Users/fokia/CentraleSupelec-CV-and-RL-project/audio/Chase & Status  Boiler Room London - Boiler Room (720p, h264).mp3",87.36531066894531,682855.0,1.12388813495636,C,minor,8109.6142578125,0.4972875226039783,0.3634719710669077,0.1392405063291139,553.0,0.539513246878809,8.468446219375378,50.04423904418945
71,MInanokimochi,Tokyo,1140,adaa - feeling a moment,1200.0,"Minna-no-kimochi (みんなのきもち)  Boiler Room Tokyo Tohji Presents u-ha - Boiler Room (720p, h264)","/Users/fokia/CentraleSupelec-CV-and-RL-project/audio/Minna-no-kimochi (みんなのきもち)  Boiler Room Tokyo Tohji Presents u-ha - Boiler Room (720p, h264).mp3",105.6108856201172,101886.0234375,0.9684129357337952,F,major,2266.923583984375,0.4031936127744511,0.4331337325349301,0.1636726546906187,501.0,0.3411597919581227,4.994909107091023,19.213258743286133
72,Peggy Gou,Amsterdam,1162,Haruomi Hosono - Laugh-Gas [Epic 1989],1394.0,"Peggy Gou  Boiler Room x Dekmantel Festival Amsterdam - Boiler Room (720p, h264, youtube)","/Users/fokia/CentraleSupelec-CV-and-RL-project/audio/Peggy Gou  Boiler Room x Dekmantel Festival Amsterdam - Boiler Room (720p, h264, youtube).mp3",124.96598052978516,128628.4765625,1.6003011465072632,C,minor,2650.0615234375,0.4692832764505119,0.3822525597269625,0.1484641638225255,586.0,0.4072162579641061,4.331696062946402,42.61586380004883
73,KETTAMA,London,1170,De Moma - Raredub (unreleased),1358.0,"KETTAMA  Boiler Room London - Boiler Room (720p, h264)","/Users/fokia/CentraleSupelec-CV-and-RL-project/audio/KETTAMA  Boiler Room London - Boiler Room (720p, h264).mp3",142.08543395996094,161830.375,1.114211916923523,D,major,3090.7958984375,0.5054086538461539,0.3613992914979757,0.1331920546558704,31616.0,0.38244525001328183,1.0173691110833925,34.52472686767578
74,Marlon Hoffstadt,Melbourne,1177,Patrick Mason - Shred My Panties (Marlon Hoffstadt Edit),1409.0,"Marlon Hoffstadt  Boiler Room Melbourne - Boiler Room (720p, h264)","/Users/fokia/CentraleSupelec-CV-and-RL-project/audio/Marlon Hoffstadt  Boiler Room Melbourne - Boiler Room (720p, h264).mp3",149.0170135498047,309654.5625,0.9713743329048156,G,minor,4774.0615234375,0.5114285714285715,0.2857142857142857,0.2028571428571428,350.0,0.4160350273254956,5.248362655736166,45.41834259033203
75,MInanokimochi,Tokyo,1200,Sun Angels - A Drink Before The War,1321.0,"Minna-no-kimochi (みんなのきもち)  Boiler Room Tokyo Tohji Presents u-ha - Boiler Room (720p, h264)","/Users/fokia/CentraleSupelec-CV-and-RL-project/audio/Minna-no-kimochi (みんなのきもち)  Boiler Room Tokyo Tohji Presents u-ha - Boiler Room (720p, h264).mp3",178.20584106445312,205683.109375,1.0047049522399902,Bb,major,3629.4697265625,0.4430379746835443,0.240506329113924,0.3164556962025316,79.0,0.21613294442508155,4.468915505328588,34.92523193359375
76,Estella Boersma,Berlin,1200,6 SENSE – Funk Contender,1695.0,"Estella Boersma  Boiler Room Festival Berlin - Boiler Room (720p, h264, youtube)","/Users/fokia/CentraleSupelec-CV-and-RL-project/audio/Estella Boersma  Boiler Room Festival Berlin - Boiler Room (720p, h264, youtube).mp3",142.63319396972656,321189.875,1.0704591274261477,G,major,4892.49658203125,0.4444444444444444,0.4444444444444444,0.1111111111111111,9.0,0.38862448987325865,2.9781782116277538,34.639686584472656
77,Felix Da Housecat,Circus,1220,Talking Heads - Burning Down The Vcid House (Lvte Nite Tuff Guy) (Pitched Up from 104 to 125),1440.0,"Funky Disco & House Mix Inside a Circus  Felix da Housecat - Book Club Radio (720p, h264, youtube)","/Users/fokia/CentraleSupelec-CV-and-RL-project/audio/Funky Disco & House Mix Inside a Circus  Felix da Housecat - Book Club Radio (720p, h264, youtube).mp3",125.0140151977539,193768.359375,1.2184079885482788,C,major,3487.22216796875,0.4166666666666667,0.4166666666666667,0.1666666666666666,48.0,0.3263354147935208,3.8938790241184336,60.37278747558594
78,Chase & Status,London,1225,Chopstick Dubplate ft. Ragga Twins & Bunny Lye lye - Give Me A Dubplate,1290.0,"Chase & Status  Boiler Room London - Boiler Room (720p, h264)","/Users/fokia/CentraleSupelec-CV-and-RL-project/audio/Chase & Status  Boiler Room London - Boiler Room (720p, h264).mp3",87.60279846191406,480714.0,1.0734198093414309,B,major,6410.09130859375,0.4642857142857143,0.3571428571428571,0.1785714285714285,112.0,0.42643079770439835,6.695299834561494,31.255878448486328
79,Yaeji,New_York,1230,AQXDM - Aegis (+ Teasing Wii in),1496.0,"Yaeji  Boiler Room New York - Boiler Room (720p, h264)","/Users/fokia/CentraleSupelec-CV-and-RL-project/audio/Yaeji  Boiler Room New York - Boiler Room (720p, h264).mp3",135.5360565185547,280729.3125,1.5344796180725098,D,minor,4470.466796875,0.5481171548117155,0.200836820083682,0.2510460251046025,239.0,0.4085372444065494,5.422524513047317,44.92268371582031
80,Yung Singh,Melbourne,1281,Trotters Independent Traders - Burning,1467.0,"Yung Singh  Boiler Room Melbourne - Boiler Room (720p, h264, youtube)","/Users/fokia/CentraleSupelec-CV-and-RL-project/audio/Yung Singh  Boiler Room Melbourne - Boiler Room (720p, h264, youtube).mp3",138.63296508789062,56885.21875,1.3847886323928833,C#,minor,1534.0859375,0.5166666666666667,0.3166666666666666,0.1666666666666666,60.0,0.42850354596447127,3.988221122134001,27.21525001525879
81,AZYR,Teletech,1287,Alignment - Close your eyes,1457.0,"AZYR  Boiler Room x Teletech Festival 2023 - Boiler Room (720p, h264)","/Users/fokia/CentraleSupelec-CV-and-RL-project/audio/AZYR  Boiler Room x Teletech Festival 2023 - Boiler Room (720p, h264).mp3",156.16468811035156,132995.640625,1.0162402391433716,Eb,major,2710.011474609375,0.75,0.25,0.0,4.0,0.8773086586603844,6.1118826363958005,31.819311141967773
82,Chase & Status,London,1290,Dimension - UK (Bou Remix),1380.0,"Chase & Status  Boiler Room London - Boiler Room (720p, h264)","/Users/fokia/CentraleSupelec-CV-and-RL-project/audio/Chase & Status  Boiler Room London - Boiler Room (720p, h264).mp3",172.26571655273438,599545.5,1.2128559350967407,F,major,7432.60302734375,0.4230769230769231,0.3076923076923077,0.2692307692307692,26.0,0.320971487933941,7.84442942422668,54.90001678466797
83,Fred Again..,London,1309,Skrillex & Fred again.. - Stay with me,1489.0,Fred again.. ｜ Boiler Room： London,/Users/fokia/CentraleSupelec-CV-and-RL-project/audio/Fred again.. ｜ Boiler Room： London.mp3,127.9882354736328,554701.6875,1.0730820894241333,F,major,7055.37255859375,0.0,0.0,0.0,0.0,0.12983774625177397,6.2219310654916455,28.252216339111328
84,MInanokimochi,Tokyo,1321,Sun Angels - 777,1436.0,"Minna-no-kimochi (みんなのきもち)  Boiler Room Tokyo Tohji Presents u-ha - Boiler Room (720p, h264)","/Users/fokia/CentraleSupelec-CV-and-RL-project/audio/Minna-no-kimochi (みんなのきもち)  Boiler Room Tokyo Tohji Presents u-ha - Boiler Room (720p, h264).mp3",135.41104125976562,497396.78125,1.2981337308883667,F,major,6558.296875,0.4528301886792453,0.3396226415094339,0.2075471698113207,53.0,0.38833072546395175,6.796737327343887,41.387943267822266
85,Chase & Status,London,1380,Chase & Status ft. Stefflon Don - Selecta,1550.0,"Chase & Status  Boiler Room London - Boiler Room (720p, h264)","/Users/fokia/CentraleSupelec-CV-and-RL-project/audio/Chase & Status  Boiler Room London - Boiler Room (720p, h264).mp3",172.2655792236328,1246898.75,1.2152533531188965,E,minor,12139.6728515625,0.4383561643835616,0.2671232876712329,0.2945205479452055,146.0,0.301064372155321,7.413798667569278,51.94717025756836
86,Peggy Gou,Amsterdam,1394,Philly Slitter - Morning Scent [?],1652.0,"Peggy Gou  Boiler Room x Dekmantel Festival Amsterdam - Boiler Room (720p, h264, youtube)","/Users/fokia/CentraleSupelec-CV-and-RL-project/audio/Peggy Gou  Boiler Room x Dekmantel Festival Amsterdam - Boiler Room (720p, h264, youtube).mp3",125.00257110595705,94555.734375,1.457409143447876,A,minor,2156.308837890625,0.4285714285714285,0.3877551020408163,0.1836734693877551,49.0,0.319278508769741,3.8088167882722814,48.913578033447266
87,Marlon Hoffstadt,Melbourne,1409,Darude - Sandstorm (Remix),1586.0,"Marlon Hoffstadt  Boiler Room Melbourne - Boiler Room (720p, h264)","/Users/fokia/CentraleSupelec-CV-and-RL-project/audio/Marlon Hoffstadt  Boiler Room Melbourne - Boiler Room (720p, h264).mp3",148.91659545898438,148370.0,1.1749001741409302,E,minor,2916.096923828125,0.0,0.0,0.0,0.0,0.055006521161672345,2.9657928453207556,50.98823928833008
88,MInanokimochi,Tokyo,1436,Glen - Superfast XI,1520.0,"Minna-no-kimochi (みんなのきもち)  Boiler Room Tokyo Tohji Presents u-ha - Boiler Room (720p, h264)","/Users/fokia/CentraleSupelec-CV-and-RL-project/audio/Minna-no-kimochi (みんなのきもち)  Boiler Room Tokyo Tohji Presents u-ha - Boiler Room (720p, h264).mp3",135.39280700683594,70191.4375,1.540457844734192,A,major,1766.080322265625,0.4947368421052631,0.3052631578947368,0.2,95.0,0.4127473413032063,5.707290938659405,32.514183044433594
89,Felix Da Housecat,Circus,1440,Moodymann - Shades of Jae (??? Remix),1665.0,"Funky Disco & House Mix Inside a Circus  Felix da Housecat - Book Club Radio (720p, h264, youtube)","/Users/fokia/CentraleSupelec-CV-and-RL-project/audio/Funky Disco & House Mix Inside a Circus  Felix da Housecat - Book Club Radio (720p, h264, youtube).mp3",125.0167236328125,253154.171875,1.3602478504180908,G,minor,4171.26806640625,0.4285714285714285,0.5714285714285714,0.0,7.0,0.4770760326738067,2.682874309433399,36.96419525146485
90,AZYR,Teletech,1457,Remon Verhoeve - Patriotic,1634.0,"AZYR  Boiler Room x Teletech Festival 2023 - Boiler Room (720p, h264)","/Users/fokia/CentraleSupelec-CV-and-RL-project/audio/AZYR  Boiler Room x Teletech Festival 2023 - Boiler Room (720p, h264).mp3",156.60552978515625,137024.34375,1.0225768089294434,F,minor,2764.74169921875,0.4363636363636363,0.2727272727272727,0.2909090909090909,55.0,0.24196798824598698,4.771887477041636,46.80357360839844
91,Yung Singh,Melbourne,1467,Double 99 feat. Top Cat - Rip Groove x Heer (ARJXN Dub),1634.0,"Yung Singh  Boiler Room Melbourne - Boiler Room (720p, h264, youtube)","/Users/fokia/CentraleSupelec-CV-and-RL-project/audio/Yung Singh  Boiler Room Melbourne - Boiler Room (720p, h264, youtube).mp3",142.5148468017578,50570.0625,1.1687991619110107,Ab,major,1417.779541015625,0.4722222222222222,0.3055555555555556,0.2222222222222222,36.0,0.33206581390516476,4.143226426112594,28.320398330688477
92,Fred Again..,London,1489,Fred again .. - Headie One ft. Skepta - Back to basics,1595.0,Fred again.. ｜ Boiler Room： London,/Users/fokia/CentraleSupelec-CV-and-RL-project/audio/Fred again.. ｜ Boiler Room： London.mp3,129.94857788085938,465006.625,1.2258970737457275,Bb,minor,6268.9921875,0.5070422535211268,0.1549295774647887,0.3380281690140845,71.0,0.29243159868926144,5.942566896338023,20.882022857666016
93,Yaeji,New_York,1496,Wii,1682.0,"Yaeji  Boiler Room New York - Boiler Room (720p, h264)","/Users/fokia/CentraleSupelec-CV-and-RL-project/audio/Yaeji  Boiler Room New York - Boiler Room (720p, h264).mp3",131.06654357910156,259900.75,1.081560492515564,B,minor,4245.4248046875,0.4444444444444444,0.261437908496732,0.2941176470588235,153.0,0.24869596909224712,4.852635985966002,28.165088653564453
94,MInanokimochi,Tokyo,1520,Above & Beyond - Morning In Deira,1606.0,"Minna-no-kimochi (みんなのきもち)  Boiler Room Tokyo Tohji Presents u-ha - Boiler Room (720p, h264)","/Users/fokia/CentraleSupelec-CV-and-RL-project/audio/Minna-no-kimochi (みんなのきもち)  Boiler Room Tokyo Tohji Presents u-ha - Boiler Room (720p, h264).mp3",135.62025451660156,162963.84375,1.3608019351959229,E,major,3105.283203125,0.4364161849710982,0.2803468208092485,0.2832369942196532,346.0,0.2757271030471564,5.904727826677177,35.25088882446289
95,Chase & Status,London,1550,TC - Where's My Money (A.M.C & Turno Remix),1640.0,"Chase & Status  Boiler Room London - Boiler Room (720p, h264)","/Users/fokia/CentraleSupelec-CV-and-RL-project/audio/Chase & Status  Boiler Room London - Boiler Room (720p, h264).mp3",87.56381225585938,487585.875,1.352616310119629,F,major,6471.341796875,0.4656716417910447,0.3164179104477612,0.217910447761194,335.0,0.3757563977970605,6.141756338978025,30.385162353515625
96,Marlon Hoffstadt,Melbourne,1586,Voodoo & Serano - Blood is pumping,1807.0,"Marlon Hoffstadt  Boiler Room Melbourne - Boiler Room (720p, h264)","/Users/fokia/CentraleSupelec-CV-and-RL-project/audio/Marlon Hoffstadt  Boiler Room Melbourne - Boiler Room (720p, h264).mp3",149.18711853027344,188355.65625,1.3151357173919678,G,minor,3421.651611328125,0.2564102564102564,0.4102564102564102,0.3333333333333333,156.0,0.016447992778110834,4.635153097658002,72.65096282958984
97,Fred Again..,London,1595,KH - Feelings,1894.0,Fred again.. ｜ Boiler Room： London,/Users/fokia/CentraleSupelec-CV-and-RL-project/audio/Fred again.. ｜ Boiler Room： London.mp3,131.2411346435547,793044.5,1.59379780292511,A,minor,8964.5703125,0.0,0.0,0.0,0.0,0.12187586160111262,5.875484820833818,45.134220123291016
98,MInanokimochi,Tokyo,1606,Sun Angels - Stilla,1777.0,"Minna-no-kimochi (みんなのきもち)  Boiler Room Tokyo Tohji Presents u-ha - Boiler Room (720p, h264)","/Users/fokia/CentraleSupelec-CV-and-RL-project/audio/Minna-no-kimochi (みんなのきもち)  Boiler Room Tokyo Tohji Presents u-ha - Boiler Room (720p, h264).mp3",135.52223205566406,378946.46875,1.1532856225967407,D,major,5465.71875,0.0,0.0,0.0,0.0,0.12140886402655925,5.855164310921018,56.9349365234375
99,AZYR,Teletech,1634,Juul Exler - Intrude,1783.0,"AZYR  Boiler Room x Teletech Festival 2023 - Boiler Room (720p, h264)","/Users/fokia/CentraleSupelec-CV-and-RL-project/audio/AZYR  Boiler Room x Teletech Festival 2023 - Boiler Room (720p, h264).mp3",156.43675231933594,82718.6953125,1.0347261428833008,D,minor,1971.4898681640625,0.2619047619047619,0.4285714285714285,0.3095238095238095,42.0,0.06777102589463363,5.593268106434365,46.44611740112305
100,Yung Singh,Melbourne,1634,Rebound X - Rhythm N Gash (Pj Bridger Refix),1701.0,"Yung Singh  Boiler Room Melbourne - Boiler Room (720p, h264, youtube)","/Users/fokia/CentraleSupelec-CV-and-RL-project/audio/Yung Singh  Boiler Room Melbourne - Boiler Room (720p, h264, youtube).mp3",142.07931518554688,19425.935546875,1.1736785173416138,C,minor,746.820068359375,0.0,0.0,0.0,0.0,0.05476827524740427,2.955426028175723,23.71367645263672
101,Chase & Status,London,1640,Chase & Status - ID,1815.0,"Chase & Status  Boiler Room London - Boiler Room (720p, h264)","/Users/fokia/CentraleSupelec-CV-and-RL-project/audio/Chase & Status  Boiler Room London - Boiler Room (720p, h264).mp3",172.2655029296875,1092289.125,1.384016513824463,F,minor,11109.2900390625,0.0,0.0,0.0,0.0,0.16186635455976847,7.615594947446971,49.10313034057617
102,Peggy Gou,Amsterdam,1652,Adonis ft. M. C. Kodak - H.O.U.S.E. (Acid Mix) [Black Market Records 1988],1999.0,"Peggy Gou  Boiler Room x Dekmantel Festival Amsterdam - Boiler Room (720p, h264, youtube)","/Users/fokia/CentraleSupelec-CV-and-RL-project/audio/Peggy Gou  Boiler Room x Dekmantel Festival Amsterdam - Boiler Room (720p, h264, youtube).mp3",125.04217529296876,326193.0625,2.52933120727539,A,minor,4943.42724609375,0.0,0.0,0.0,0.0,0.08853248759818903,4.424611414048804,55.66498565673828
103,Felix Da Housecat,Circus,1665,LF System - Be My Babe,1860.0,"Funky Disco & House Mix Inside a Circus  Felix da Housecat - Book Club Radio (720p, h264, youtube)","/Users/fokia/CentraleSupelec-CV-and-RL-project/audio/Funky Disco & House Mix Inside a Circus  Felix da Housecat - Book Club Radio (720p, h264, youtube).mp3",123.7334442138672,174693.25,1.4333243370056152,C#,minor,3253.307373046875,0.5106382978723404,0.3617021276595745,0.1276595744680851,47.0,0.4091746469666343,1.7121545696401432,32.715736389160156
104,Yaeji,New_York,1682,Kerosene - Crystal Castles,2207.0,"Yaeji  Boiler Room New York - Boiler Room (720p, h264)","/Users/fokia/CentraleSupelec-CV-and-RL-project/audio/Yaeji  Boiler Room New York - Boiler Room (720p, h264).mp3",134.45285034179688,346763.3125,1.57820463180542,G,minor,5150.1787109375,0.5609756097560976,0.2926829268292683,0.1463414634146341,41.0,0.5645506911096178,7.095621736539406,46.299808502197266
105,Estella Boersma,Berlin,1695,6 Sense x Olly Lishman - HEAVYHITTAS,1920.0,"Estella Boersma  Boiler Room Festival Berlin - Boiler Room (720p, h264, youtube)","/Users/fokia/CentraleSupelec-CV-and-RL-project/audio/Estella Boersma  Boiler Room Festival Berlin - Boiler Room (720p, h264, youtube).mp3",142.12881469726562,199495.34375,1.0444331169128418,A,minor,3555.945068359375,0.0,0.0,0.0,0.0,0.07607590046980041,3.882586752648464,44.037960052490234
106,Yung Singh,Melbourne,1701,Silver - Sisters Dub,1770.0,"Yung Singh  Boiler Room Melbourne - Boiler Room (720p, h264, youtube)","/Users/fokia/CentraleSupelec-CV-and-RL-project/audio/Yung Singh  Boiler Room Melbourne - Boiler Room (720p, h264, youtube).mp3",141.99417114257812,26947.55859375,1.3885668516159058,F,minor,929.9253540039062,0.0,0.0,0.0,0.0,0.08020858566192035,4.062412676783655,25.628202438354492
107,Yung Singh,Melbourne,1770,Smokey Bubblin’ B - Meet Her At The Garage Tent,1900.0,"Yung Singh  Boiler Room Melbourne - Boiler Room (720p, h264, youtube)","/Users/fokia/CentraleSupelec-CV-and-RL-project/audio/Yung Singh  Boiler Room Melbourne - Boiler Room (720p, h264, youtube).mp3",141.99594116210938,41877.2734375,0.9826419353485109,F#,minor,1249.4693603515625,0.4838709677419355,0.2580645161290322,0.2580645161290322,31.0,0.28903256481260503,3.3234527360550636,36.78703308105469
108,MInanokimochi,Tokyo,1777,Jam & Spoon - Stella’s Cry (Push - Tribute To Markus Remix),1911.0,"Minna-no-kimochi (みんなのきもち)  Boiler Room Tokyo Tohji Presents u-ha - Boiler Room (720p, h264)","/Users/fokia/CentraleSupelec-CV-and-RL-project/audio/Minna-no-kimochi (みんなのきもち)  Boiler Room Tokyo Tohji Presents u-ha - Boiler Room (720p, h264).mp3",135.09542846679688,232159.875,1.2532296180725098,D,major,3936.202880859375,0.3902439024390244,0.2926829268292683,0.3170731707317073,41.0,0.20171916939296092,6.165829259130532,50.0774040222168
109,AZYR,Teletech,1783,Prax - 1995,1908.0,"AZYR  Boiler Room x Teletech Festival 2023 - Boiler Room (720p, h264)","/Users/fokia/CentraleSupelec-CV-and-RL-project/audio/AZYR  Boiler Room x Teletech Festival 2023 - Boiler Room (720p, h264).mp3",156.49612426757812,104881.359375,0.9142543077468872,C,minor,2311.36181640625,0.5555555555555556,0.1666666666666666,0.2777777777777778,18.0,0.39613904695002666,5.722554025939479,31.312576293945312
110,Marlon Hoffstadt,Melbourne,1807,Vizionn - Run,2038.0,"Marlon Hoffstadt  Boiler Room Melbourne - Boiler Room (720p, h264)","/Users/fokia/CentraleSupelec-CV-and-RL-project/audio/Marlon Hoffstadt  Boiler Room Melbourne - Boiler Room (720p, h264).mp3",151.18408203125,329643.375,1.009253978729248,Ab,major,4978.400390625,0.6875,0.15625,0.15625,32.0,0.6380186948419386,5.218125235663154,49.00407028198242
111,Chase & Status,London,1815,Chase & Status ft. Takura - No Problem w/ Rusko & Mozey - Hands In The Air (VIP) w/ Chase & Status ft. Takura - No Problem (VIP),2005.0,"Chase & Status  Boiler Room London - Boiler Room (720p, h264)","/Users/fokia/CentraleSupelec-CV-and-RL-project/audio/Chase & Status  Boiler Room London - Boiler Room (720p, h264).mp3",87.03952026367188,1092472.75,1.068424105644226,F,minor,11110.541015625,0.3333333333333333,0.1666666666666666,0.5,6.0,-0.047324787088325077,5.765223419879388,43.241092681884766
112,Felix Da Housecat,Circus,1860,Discotronic - Around7,2021.0,"Funky Disco & House Mix Inside a Circus  Felix da Housecat - Book Club Radio (720p, h264, youtube)","/Users/fokia/CentraleSupelec-CV-and-RL-project/audio/Funky Disco & House Mix Inside a Circus  Felix da Housecat - Book Club Radio (720p, h264, youtube).mp3",124.4225082397461,219416.828125,1.3848520517349243,Eb,minor,3790.102294921875,0.0,0.0,0.0,0.0,0.06563214711762069,3.4281467189442925,53.367095947265625
113,Fred Again..,London,1894,Fred again.. & Romy - Strong,2084.0,Fred again.. ｜ Boiler Room： London,/Users/fokia/CentraleSupelec-CV-and-RL-project/audio/Fred again.. ｜ Boiler Room： London.mp3,133.96656799316406,620725.125,1.232448935508728,E,major,7607.51220703125,0.3333333333333333,0.1666666666666666,0.5,30.0,-0.02700650658474396,6.649334693431353,45.41478729248047
114,Yung Singh,Melbourne,1900,T2 feat. Jodie Aysha - Heartbroken,2108.0,"Yung Singh  Boiler Room Melbourne - Boiler Room (720p, h264, youtube)","/Users/fokia/CentraleSupelec-CV-and-RL-project/audio/Yung Singh  Boiler Room Melbourne - Boiler Room (720p, h264, youtube).mp3",143.56190490722656,83981.234375,1.414456129074097,E,minor,1991.600341796875,0.4133202742409402,0.4250734573947111,0.1616062683643487,1021.0,0.33751989698337953,4.3059687613868345,30.36764907836914
115,AZYR,Teletech,1908,Fiisher - Just a dream,2090.0,"AZYR  Boiler Room x Teletech Festival 2023 - Boiler Room (720p, h264)","/Users/fokia/CentraleSupelec-CV-and-RL-project/audio/AZYR  Boiler Room x Teletech Festival 2023 - Boiler Room (720p, h264).mp3",161.59136962890625,165661.59375,1.0181007385253906,F,major,3139.6318359375,0.4397394136807817,0.3674267100977199,0.1928338762214983,1535.0,0.3609359296041269,5.534104161610587,40.04998016357422
116,MInanokimochi,Tokyo,1911,Nathan Micay - Ecstasy Is On Maple Mountain,1969.0,"Minna-no-kimochi (みんなのきもち)  Boiler Room Tokyo Tohji Presents u-ha - Boiler Room (720p, h264)","/Users/fokia/CentraleSupelec-CV-and-RL-project/audio/Minna-no-kimochi (みんなのきもち)  Boiler Room Tokyo Tohji Presents u-ha - Boiler Room (720p, h264).mp3",135.3677215576172,143566.390625,1.2646949291229248,G,major,2852.498779296875,0.4265129682997118,0.3852065321805956,0.1882804995196926,1041.0,0.41551368204590683,8.286343161592779,43.50687789916992
117,Estella Boersma,Berlin,1920,Lomax - Gary Beck,2079.0,"Estella Boersma  Boiler Room Festival Berlin - Boiler Room (720p, h264, youtube)","/Users/fokia/CentraleSupelec-CV-and-RL-project/audio/Estella Boersma  Boiler Room Festival Berlin - Boiler Room (720p, h264, youtube).mp3",142.68798828125,120526.71875,0.9401811957359314,C,major,2537.03173828125,0.4302019315188762,0.3968393327480246,0.1729587357330992,1139.0,0.32467327159982956,3.5063801614483396,36.83821868896485
118,MInanokimochi,Tokyo,1969,Underworld - Rez,2130.0,"Minna-no-kimochi (みんなのきもち)  Boiler Room Tokyo Tohji Presents u-ha - Boiler Room (720p, h264)","/Users/fokia/CentraleSupelec-CV-and-RL-project/audio/Minna-no-kimochi (みんなのきもち)  Boiler Room Tokyo Tohji Presents u-ha - Boiler Room (720p, h264).mp3",135.4010772705078,321267.375,1.3769540786743164,G,major,4893.28759765625,0.3871794871794872,0.4085470085470085,0.2042735042735042,1170.0,0.31775725744636873,6.440085199127718,46.29181671142578
119,Peggy Gou,Amsterdam,1999,Alphonse Mouzon with Mouzon's Electric Band - Disco Jungle [Metronome 1979],2140.0,"Peggy Gou  Boiler Room x Dekmantel Festival Amsterdam - Boiler Room (720p, h264, youtube)","/Users/fokia/CentraleSupelec-CV-and-RL-project/audio/Peggy Gou  Boiler Room x Dekmantel Festival Amsterdam - Boiler Room (720p, h264, youtube).mp3",124.79556274414062,31408.697265625,1.589326024055481,F#,minor,1030.44189453125,0.4745166959578207,0.3374340949033392,0.18804920913884,569.0,0.4329724225512737,6.947172067827274,32.300025939941406
120,Chase & Status,London,2005,ATMOS - Hold You,2030.0,"Chase & Status  Boiler Room London - Boiler Room (720p, h264)","/Users/fokia/CentraleSupelec-CV-and-RL-project/audio/Chase & Status  Boiler Room London - Boiler Room (720p, h264).mp3",87.19273376464844,201091.03125,0.944588840007782,C,major,3574.9765625,0.4189189189189189,0.4012474012474012,0.1798336798336798,962.0,0.37390606376425706,6.4387602314116466,15.391356468200684
121,Felix Da Housecat,Circus,2021,Loleatta Holloway - Catch Me On The Rebound (Walter Gibbons 12'' Mix),2160.0,"Funky Disco & House Mix Inside a Circus  Felix da Housecat - Book Club Radio (720p, h264, youtube)","/Users/fokia/CentraleSupelec-CV-and-RL-project/audio/Funky Disco & House Mix Inside a Circus  Felix da Housecat - Book Club Radio (720p, h264, youtube).mp3",124.48439025878906,255546.203125,1.0824483633041382,C#,minor,4197.63427734375,0.4061085972850679,0.420814479638009,0.173076923076923,884.0,0.2872312223141878,2.9306789499392614,27.461082458496097
122,Chase & Status,London,2030,Chase & Status ft. Masicka - Weed & Rum (VIP),2300.0,"Chase & Status  Boiler Room London - Boiler Room (720p, h264)","/Users/fokia/CentraleSupelec-CV-and-RL-project/audio/Chase & Status  Boiler Room London - Boiler Room (720p, h264).mp3",172.26559448242188,1628936.5,1.1875534057617188,A,minor,14520.3095703125,0.4221824686940966,0.4016100178890877,0.1762075134168157,1118.0,0.404892383525308,7.487278036150025,48.77010726928711
123,Marlon Hoffstadt,Melbourne,2038,Luciana - I Like That (Marlon Hoffstadt Edit),2306.0,"Marlon Hoffstadt  Boiler Room Melbourne - Boiler Room (720p, h264)","/Users/fokia/CentraleSupelec-CV-and-RL-project/audio/Marlon Hoffstadt  Boiler Room Melbourne - Boiler Room (720p, h264).mp3",152.01470947265625,348775.71875,1.0416440963745115,A,major,5170.18505859375,0.4652087475149105,0.4095427435387674,0.125248508946322,503.0,0.4134277723746587,3.769088645731665,53.3959846496582
124,Estella Boersma,Berlin,2079,FJAAK  - Redemption,2340.0,"Estella Boersma  Boiler Room Festival Berlin - Boiler Room (720p, h264, youtube)","/Users/fokia/CentraleSupelec-CV-and-RL-project/audio/Estella Boersma  Boiler Room Festival Berlin - Boiler Room (720p, h264, youtube).mp3",142.33767700195312,198290.15625,0.9679874181747437,A,minor,3541.53759765625,0.4134165366614664,0.3884555382215288,0.1981279251170047,1282.0,0.27573573552394337,3.2025303135969736,44.94408416748047
125,Fred Again..,London,2084,Fred again.. & Swedish House Mafia ft. Future - Turn On The Lights Again..,2349.0,Fred again.. ｜ Boiler Room： London,/Users/fokia/CentraleSupelec-CV-and-RL-project/audio/Fred again.. ｜ Boiler Room： London.mp3,132.72564697265625,770606.0,1.100029230117798,F#,minor,8793.82421875,0.5,0.3531390134529148,0.1468609865470852,892.0,0.4810719329055456,6.139046155669211,54.953121185302734
126,AZYR,Teletech,2090,Alex Farell - Jungle boy,2235.0,"AZYR  Boiler Room x Teletech Festival 2023 - Boiler Room (720p, h264)","/Users/fokia/CentraleSupelec-CV-and-RL-project/audio/AZYR  Boiler Room x Teletech Festival 2023 - Boiler Room (720p, h264).mp3",161.74925231933594,119877.5,0.9912108182907104,F,minor,2527.86767578125,0.4655414908579465,0.3755274261603376,0.1589310829817159,711.0,0.43653073769052364,6.225524531908272,39.91574478149414
127,Yung Singh,Melbourne,2108,Sk*n On Sk*n - B*rn D*m Br*dg*s [this line triggers YouTube's spam filter for some reason],2260.0,"Yung Singh  Boiler Room Melbourne - Boiler Room (720p, h264, youtube)","/Users/fokia/CentraleSupelec-CV-and-RL-project/audio/Yung Singh  Boiler Room Melbourne - Boiler Room (720p, h264, youtube).mp3",144.86801147460938,54413.45703125,1.590898871421814,E,minor,1489.09814453125,0.4522785898538263,0.4049871023215821,0.1427343078245915,1163.0,0.46194896476266906,7.203888320656549,34.78813171386719
128,MInanokimochi,Tokyo,2130,Marsh - Lailonie,2280.0,"Minna-no-kimochi (みんなのきもち)  Boiler Room Tokyo Tohji Presents u-ha - Boiler Room (720p, h264)","/Users/fokia/CentraleSupelec-CV-and-RL-project/audio/Minna-no-kimochi (みんなのきもち)  Boiler Room Tokyo Tohji Presents u-ha - Boiler Room (720p, h264).mp3",135.4269561767578,164447.6875,1.563511610031128,G,major,3124.198974609375,0.476056338028169,0.3868544600938967,0.1370892018779342,1065.0,0.46241794225896016,5.944015531104986,58.34796905517578
129,Peggy Gou,Amsterdam,2140,Stopp - I'm Hungry (Caramba Mix) [Discomagic Records 1983],2412.0,"Peggy Gou  Boiler Room x Dekmantel Festival Amsterdam - Boiler Room (720p, h264, youtube)","/Users/fokia/CentraleSupelec-CV-and-RL-project/audio/Peggy Gou  Boiler Room x Dekmantel Festival Amsterdam - Boiler Room (720p, h264, youtube).mp3",125.28734588623048,220343.84375,1.4286056756973269,Eb,minor,3800.823486328125,0.4717784877529286,0.4270500532481363,0.101171458998935,939.0,0.5142947560267335,6.824586607970183,46.10269546508789
130,Felix Da Housecat,Circus,2160,Chuck Robert's  My House Vocal Mixed with 8Bar Loop From the Beggining of the  Next Track,2290.0,"Funky Disco & House Mix Inside a Circus  Felix da Housecat - Book Club Radio (720p, h264, youtube)","/Users/fokia/CentraleSupelec-CV-and-RL-project/audio/Funky Disco & House Mix Inside a Circus  Felix da Housecat - Book Club Radio (720p, h264, youtube).mp3",124.36901092529295,58113.5234375,1.3801374435424805,D,minor,1556.201416015625,0.443312101910828,0.3719745222929936,0.1847133757961783,785.0,0.3256205952789062,3.4886178266405294,33.41814041137695
131,AZYR,Teletech,2235,Bollman - Rampage (Creeds edit),2349.0,"AZYR  Boiler Room x Teletech Festival 2023 - Boiler Room (720p, h264)","/Users/fokia/CentraleSupelec-CV-and-RL-project/audio/AZYR  Boiler Room x Teletech Festival 2023 - Boiler Room (720p, h264).mp3",161.52230834960938,102165.1484375,0.9062894582748412,F,minor,2271.082763671875,0.4661157024793388,0.3801652892561983,0.1537190082644628,1210.0,0.37064981268950514,3.1070623432274664,69.49590301513672
132,Yung Singh,Melbourne,2260,"Vengaboys - Boom, Boom, Boom, Boom!! (ID edit)",2360.0,"Yung Singh  Boiler Room Melbourne - Boiler Room (720p, h264, youtube)","/Users/fokia/CentraleSupelec-CV-and-RL-project/audio/Yung Singh  Boiler Room Melbourne - Boiler Room (720p, h264, youtube).mp3",73.5069351196289,13837.091796875,1.5353779792785645,E,major,594.9768676757812,0.4404145077720207,0.3821243523316062,0.177461139896373,772.0,0.42468457721327624,7.609714360532171,32.36627197265625
133,MInanokimochi,Tokyo,2280,Emily Glass - MESOGLEA TRANCER WIP☆,2386.0,"Minna-no-kimochi (みんなのきもち)  Boiler Room Tokyo Tohji Presents u-ha - Boiler Room (720p, h264)","/Users/fokia/CentraleSupelec-CV-and-RL-project/audio/Minna-no-kimochi (みんなのきもち)  Boiler Room Tokyo Tohji Presents u-ha - Boiler Room (720p, h264).mp3",135.38485717773438,164885.765625,2.2539234161376953,F,major,3129.772705078125,0.4462567115793739,0.3851686759193597,0.1685746125012663,39484.0,0.37784366628676697,4.930628662055495,37.7032356262207
134,Felix Da Housecat,Circus,2290,Gene Farris & Cajmere - Sauer's (Original Mix),2520.0,"Funky Disco & House Mix Inside a Circus  Felix da Housecat - Book Club Radio (720p, h264, youtube)","/Users/fokia/CentraleSupelec-CV-and-RL-project/audio/Funky Disco & House Mix Inside a Circus  Felix da Housecat - Book Club Radio (720p, h264, youtube).mp3",124.9686050415039,198654.859375,1.2065976858139038,D,minor,3545.900634765625,0.3506493506493506,0.5064935064935064,0.1428571428571428,77.0,0.26134771628005316,2.902654792729587,34.295127868652344
135,Chase & Status,London,2300,Chase & Status ft. Takura - 2 Ruff,2460.0,"Chase & Status  Boiler Room London - Boiler Room (720p, h264)","/Users/fokia/CentraleSupelec-CV-and-RL-project/audio/Chase & Status  Boiler Room London - Boiler Room (720p, h264).mp3",87.43485260009766,1154102.0,1.2675760984420776,F,minor,11526.666015625,0.2363112391930835,0.5734870317002881,0.1902017291066282,347.0,0.20538961986598836,7.503059432152356,37.10586166381836
136,Marlon Hoffstadt,Melbourne,2306,DJ Arne L II vs. DJ Mirko Milano - Cubus (Seven Of Nine),2461.0,"Marlon Hoffstadt  Boiler Room Melbourne - Boiler Room (720p, h264)","/Users/fokia/CentraleSupelec-CV-and-RL-project/audio/Marlon Hoffstadt  Boiler Room Melbourne - Boiler Room (720p, h264).mp3",151.81654357910156,207484.265625,0.9995824694633484,Bb,major,3650.733642578125,0.2599620493358633,0.5028462998102466,0.2371916508538899,527.0,0.07804364907712669,2.9773990685485074,31.124536514282227
137,Estella Boersma,Berlin,2340,Schall - Thomas Schumacher Remix,2760.0,"Estella Boersma  Boiler Room Festival Berlin - Boiler Room (720p, h264, youtube)","/Users/fokia/CentraleSupelec-CV-and-RL-project/audio/Estella Boersma  Boiler Room Festival Berlin - Boiler Room (720p, h264, youtube).mp3",142.35519409179688,343646.40625,1.1974769830703735,G,major,5119.1162109375,0.3068459657701711,0.5097799511002445,0.1833740831295843,818.0,0.18273053349080218,3.1508161691981575,51.063133239746094
138,Fred Again..,London,2349,Fred again.. - Jungle,2536.0,Fred again.. ｜ Boiler Room： London,/Users/fokia/CentraleSupelec-CV-and-RL-project/audio/Fred again.. ｜ Boiler Room： London.mp3,135.23626708984375,835878.3125,1.0805398225784302,Ab,minor,9286.1552734375,0.2661764705882353,0.5617647058823529,0.1720588235294117,680.0,0.20762909689180936,5.511523375399093,54.187889099121094
139,AZYR,Teletech,2349,Azyr - Direct it to the roof (riot codes remix),2540.0,"AZYR  Boiler Room x Teletech Festival 2023 - Boiler Room (720p, h264)","/Users/fokia/CentraleSupelec-CV-and-RL-project/audio/AZYR  Boiler Room x Teletech Festival 2023 - Boiler Room (720p, h264).mp3",161.80838012695312,147127.75,0.9699406027793884,D,minor,2899.716064453125,0.2827004219409282,0.540084388185654,0.1772151898734177,237.0,0.17361209231654579,3.5366994088913106,48.30674362182617
140,Yung Singh,Melbourne,2360,Sash! - Encore Une Fois (Future Breeze Edit),2535.0,"Yung Singh  Boiler Room Melbourne - Boiler Room (720p, h264, youtube)","/Users/fokia/CentraleSupelec-CV-and-RL-project/audio/Yung Singh  Boiler Room Melbourne - Boiler Room (720p, h264, youtube).mp3",148.9563751220703,40064.6171875,1.444050908088684,B,minor,1212.9697265625,0.2183406113537118,0.5414847161572053,0.2401746724890829,458.0,0.11245779233450053,6.415743056837827,39.46352005004883
141,MInanokimochi,Tokyo,2386,Team Rockit - Team Rockit (Sun Angels Sommarvisa Edit),2544.0,"Minna-no-kimochi (みんなのきもち)  Boiler Room Tokyo Tohji Presents u-ha - Boiler Room (720p, h264)","/Users/fokia/CentraleSupelec-CV-and-RL-project/audio/Minna-no-kimochi (みんなのきもち)  Boiler Room Tokyo Tohji Presents u-ha - Boiler Room (720p, h264).mp3",135.4263458251953,157627.9375,1.0499430894851685,C,major,3036.786865234375,0.2262931034482758,0.5452586206896551,0.2284482758620689,464.0,0.09269126522734165,4.699350923262113,39.115238189697266
142,Peggy Gou,Amsterdam,2412,Snowboy - Snowboy's House Of Latin [Urban 1989],2726.0,"Peggy Gou  Boiler Room x Dekmantel Festival Amsterdam - Boiler Room (720p, h264, youtube)","/Users/fokia/CentraleSupelec-CV-and-RL-project/audio/Peggy Gou  Boiler Room x Dekmantel Festival Amsterdam - Boiler Room (720p, h264, youtube).mp3",125.34725189208984,181932.0625,1.341320514678955,F,minor,3343.0224609375,0.2528216704288939,0.5733634311512416,0.1738148984198645,443.0,0.1618088335561093,4.175262839835135,47.00699996948242
143,Chase & Status,London,2460,Chase & Status ft. Irah - Program w/ Adam F - Circles (Pola & Bryson Bootleg),2760.0,"Chase & Status  Boiler Room London - Boiler Room (720p, h264)","/Users/fokia/CentraleSupelec-CV-and-RL-project/audio/Chase & Status  Boiler Room London - Boiler Room (720p, h264).mp3",172.2657012939453,1237009.5,0.9957972764968872,G,minor,12075.080078125,0.3210227272727273,0.5426136363636364,0.1363636363636363,352.0,0.3061090943368387,5.856954413600797,37.87474060058594
144,Marlon Hoffstadt,Melbourne,2461,Pegassi - Yoyoyo,2751.0,"Marlon Hoffstadt  Boiler Room Melbourne - Boiler Room (720p, h264)","/Users/fokia/CentraleSupelec-CV-and-RL-project/audio/Marlon Hoffstadt  Boiler Room Melbourne - Boiler Room (720p, h264).mp3",151.98939514160156,379711.8125,1.114113688468933,F#,minor,5473.1123046875,0.304635761589404,0.5761589403973509,0.119205298013245,151.0,0.25280759480382897,3.504076378621536,37.82096481323242
145,Felix Da Housecat,Circus,2520,Tiga - IAMWHATIAM,2735.0,"Funky Disco & House Mix Inside a Circus  Felix da Housecat - Book Club Radio (720p, h264, youtube)","/Users/fokia/CentraleSupelec-CV-and-RL-project/audio/Funky Disco & House Mix Inside a Circus  Felix da Housecat - Book Club Radio (720p, h264, youtube).mp3",124.88457489013672,356984.21875,1.13913094997406,C#,minor,5251.39794921875,0.32,0.5169230769230769,0.163076923076923,325.0,0.22380688977016466,3.48261056897065,44.60991287231445
146,Yung Singh,Melbourne,2535,DJ Daddy Trance (Marlon Hoffstadt) - Day n Night,2729.0,"Yung Singh  Boiler Room Melbourne - Boiler Room (720p, h264, youtube)","/Users/fokia/CentraleSupelec-CV-and-RL-project/audio/Yung Singh  Boiler Room Melbourne - Boiler Room (720p, h264, youtube).mp3",149.99176025390625,42948.33984375,1.2379789352416992,G,major,1270.791015625,0.2605633802816901,0.5633802816901409,0.176056338028169,426.0,0.17733629128495734,4.611576803281796,50.945655822753906
147,Fred Again..,London,2536,Fred again.. & Romy & HAAi - Lights Out w/ Fred again.. & Romy & HAAi - Lights Out (DnB Edit),2823.0,Fred again.. ｜ Boiler Room： London,/Users/fokia/CentraleSupelec-CV-and-RL-project/audio/Fred again.. ｜ Boiler Room： London.mp3,134.4630126953125,962486.5625,1.1973841190338137,D,major,10206.4453125,0.2844036697247706,0.5871559633027523,0.128440366972477,327.0,0.2598260514464765,5.0916785243327904,53.490745544433594
148,AZYR,Teletech,2540,Alex Farell - All night long,2701.0,"AZYR  Boiler Room x Teletech Festival 2023 - Boiler Room (720p, h264)","/Users/fokia/CentraleSupelec-CV-and-RL-project/audio/AZYR  Boiler Room x Teletech Festival 2023 - Boiler Room (720p, h264).mp3",162.021728515625,136578.6875,1.054553508758545,D,minor,2758.7138671875,0.1694214876033057,0.6074380165289256,0.2231404958677686,242.0,0.05374646874495442,5.2484443844400035,48.79301452636719
149,MInanokimochi,Tokyo,2544,Negative Architecture - Lighter Than Air,2630.0,"Minna-no-kimochi (みんなのきもち)  Boiler Room Tokyo Tohji Presents u-ha - Boiler Room (720p, h264)","/Users/fokia/CentraleSupelec-CV-and-RL-project/audio/Minna-no-kimochi (みんなのきもち)  Boiler Room Tokyo Tohji Presents u-ha - Boiler Room (720p, h264).mp3",119.90138244628906,87577.6328125,0.8529214859008789,Eb,major,2048.346923828125,0.2085889570552147,0.5797546012269938,0.2116564417177914,326.0,0.045173996255309025,2.67142500526114,52.02165222167969
150,MInanokimochi,Tokyo,2630,INZO - Earth Magic,inf,"Minna-no-kimochi (みんなのきもち)  Boiler Room Tokyo Tohji Presents u-ha - Boiler Room (720p, h264)","/Users/fokia/CentraleSupelec-CV-and-RL-project/audio/Minna-no-kimochi (みんなのきもち)  Boiler Room Tokyo Tohji Presents u-ha - Boiler Room (720p, h264).mp3",120.19593048095705,248897.8125,1.0462204217910769,Eb,major,4124.14794921875,0.2339622641509434,0.5679245283018868,0.1981132075471698,530.0,0.14460981961383354,5.304806287478034,68.4365234375
151,AZYR,Teletech,2701,Mahtal - All in this,2924.0,"AZYR  Boiler Room x Teletech Festival 2023 - Boiler Room (720p, h264)","/Users/fokia/CentraleSupelec-CV-and-RL-project/audio/AZYR  Boiler Room x Teletech Festival 2023 - Boiler Room (720p, h264).mp3",162.04135131835938,143349.015625,1.0614027976989746,A,major,2849.604248046875,0.2011834319526627,0.6074950690335306,0.1913214990138067,507.0,0.11040435499375836,4.947200835231812,46.354061126708984
152,Peggy Gou,Amsterdam,2726,Bad Boy Orchestra - Salsa Time [Smokin’ 1988],2997.0,"Peggy Gou  Boiler Room x Dekmantel Festival Amsterdam - Boiler Room (720p, h264, youtube)","/Users/fokia/CentraleSupelec-CV-and-RL-project/audio/Peggy Gou  Boiler Room x Dekmantel Festival Amsterdam - Boiler Room (720p, h264, youtube).mp3",125.61385345458984,142242.890625,1.9662657976150513,Eb,major,2834.853271484375,0.1544401544401544,0.637065637065637,0.2084942084942085,259.0,-0.002823931531754073,2.8014700518684754,47.40323638916016
153,Yung Singh,Melbourne,2729,CZETAN - Ik Banere Mashup (Sammy Virji - Blue Roll x Tigerstyle ft. Ms Rajni - Ik Banere),2880.0,"Yung Singh  Boiler Room Melbourne - Boiler Room (720p, h264, youtube)","/Users/fokia/CentraleSupelec-CV-and-RL-project/audio/Yung Singh  Boiler Room Melbourne - Boiler Room (720p, h264, youtube).mp3",76.67591094970703,23070.794921875,1.3720372915267944,B,minor,838.015380859375,0.21630615640599,0.610648918469218,0.173044925124792,601.0,0.11453169488149856,3.673487320739441,44.25515365600586
154,Felix Da Housecat,Circus,2735,Yazoo - Don't Go,2865.0,"Funky Disco & House Mix Inside a Circus  Felix da Housecat - Book Club Radio (720p, h264, youtube)","/Users/fokia/CentraleSupelec-CV-and-RL-project/audio/Funky Disco & House Mix Inside a Circus  Felix da Housecat - Book Club Radio (720p, h264, youtube).mp3",125.00801849365234,268771.21875,1.2491778135299685,Bb,minor,4341.96728515625,0.1911111111111111,0.6355555555555555,0.1733333333333333,450.0,0.07688453150423738,3.1442066551938135,18.128665924072266
155,Marlon Hoffstadt,Melbourne,2751,Marlon Hoffstadt - Its that Time,3015.0,"Marlon Hoffstadt  Boiler Room Melbourne - Boiler Room (720p, h264)","/Users/fokia/CentraleSupelec-CV-and-RL-project/audio/Marlon Hoffstadt  Boiler Room Melbourne - Boiler Room (720p, h264).mp3",152.72959899902344,324623.1875,1.1279082298278809,F,major,4927.474609375,0.1761006289308176,0.6855345911949685,0.1383647798742138,318.0,0.12764220838144985,4.484392825263093,57.18168640136719
156,Estella Boersma,Berlin,2760,Cortex Me - distinguised,4340.0,"Estella Boersma  Boiler Room Festival Berlin - Boiler Room (720p, h264, youtube)","/Users/fokia/CentraleSupelec-CV-and-RL-project/audio/Estella Boersma  Boiler Room Festival Berlin - Boiler Room (720p, h264, youtube).mp3",143.33766174316406,1634456.75,1.032071590423584,A,minor,14553.2607421875,0.2631578947368421,0.5886939571150097,0.1481481481481481,513.0,0.18169966051163883,3.474173426628113,67.21466064453125
157,Chase & Status,London,2760,UK Apache & Shy FX - Original Nuttah (Chase & Status Remix) /w Digital - Deadline,2933.0,"Chase & Status  Boiler Room London - Boiler Room (720p, h264)","/Users/fokia/CentraleSupelec-CV-and-RL-project/audio/Chase & Status  Boiler Room London - Boiler Room (720p, h264).mp3",116.57601928710938,791741.4375,1.120531678199768,Bb,minor,8954.6982421875,0.219626168224299,0.5841121495327103,0.1962616822429906,214.0,0.17263568368129617,7.067540688134781,38.98176574707031
158,Fred Again..,London,2823,Fred again.. ft. Kodak Black - Kahan (Last Year) w/ Skrillex & Fred again.. - ID *,3026.0,Fred again.. ｜ Boiler Room： London,/Users/fokia/CentraleSupelec-CV-and-RL-project/audio/Fred again.. ｜ Boiler Room： London.mp3,126.96075439453124,1251000.375,1.101298451423645,D,minor,12166.4140625,0.3107769423558897,0.5162907268170426,0.1729323308270676,399.0,0.22632523191588255,4.42235451115398,21.012428283691406
159,Felix Da Housecat,Circus,2865,Henrik Schwarz - Take Words In Return (Return Version),3225.0,"Funky Disco & House Mix Inside a Circus  Felix da Housecat - Book Club Radio (720p, h264, youtube)","/Users/fokia/CentraleSupelec-CV-and-RL-project/audio/Funky Disco & House Mix Inside a Circus  Felix da Housecat - Book Club Radio (720p, h264, youtube).mp3",125.02684783935548,526657.6875,1.2048978805541992,F,minor,6814.34521484375,0.3550724637681159,0.3091787439613526,0.3357487922705314,414.0,0.08573245651563739,3.461940637830234,43.34122848510742
160,Yung Singh,Melbourne,2880,Y U QT - Y’all Ready For Dis,3006.0,"Yung Singh  Boiler Room Melbourne - Boiler Room (720p, h264, youtube)","/Users/fokia/CentraleSupelec-CV-and-RL-project/audio/Yung Singh  Boiler Room Melbourne - Boiler Room (720p, h264, youtube).mp3",83.30713653564453,18660.41015625,1.229893684387207,E,minor,726.9713134765625,0.3629032258064516,0.3548387096774194,0.282258064516129,124.0,0.1879789834237154,5.242715673287962,100.21895599365234
161,AZYR,Teletech,2924,Fxck this - Holy Priest,3089.0,"AZYR  Boiler Room x Teletech Festival 2023 - Boiler Room (720p, h264)","/Users/fokia/CentraleSupelec-CV-and-RL-project/audio/AZYR  Boiler Room x Teletech Festival 2023 - Boiler Room (720p, h264).mp3",161.9769744873047,126403.9609375,0.8445507287979126,G,minor,2619.266845703125,0.3969849246231156,0.3618090452261306,0.2412060301507537,199.0,0.282341632119237,6.079425304334331,51.78120040893555
162,Chase & Status,London,2933,Chase & Status ft. Clementine Douglas - Say The Word,3180.0,"Chase & Status  Boiler Room London - Boiler Room (720p, h264)","/Users/fokia/CentraleSupelec-CV-and-RL-project/audio/Chase & Status  Boiler Room London - Boiler Room (720p, h264).mp3",172.2655487060547,1065077.875,1.125675082206726,D,minor,10923.0927734375,0.3423645320197044,0.3743842364532019,0.2832512315270936,406.0,0.18889888440569724,6.219661320683254,40.62345886230469
163,Peggy Gou,Amsterdam,2997,Third World - Now that We've Found Love (Disco Mix) [Island Records 1978],3263.0,"Peggy Gou  Boiler Room x Dekmantel Festival Amsterdam - Boiler Room (720p, h264, youtube)","/Users/fokia/CentraleSupelec-CV-and-RL-project/audio/Peggy Gou  Boiler Room x Dekmantel Festival Amsterdam - Boiler Room (720p, h264, youtube).mp3",124.2853775024414,108146.4765625,1.7496554851531982,C#,minor,2359.328369140625,0.4769874476987448,0.3598326359832636,0.1631799163179916,239.0,0.34864694691278214,2.088259658448057,48.26698684692383
164,Yung Singh,Melbourne,3006,MC D (aka D Double E) & Watch the Ride - Original Format,3154.0,"Yung Singh  Boiler Room Melbourne - Boiler Room (720p, h264, youtube)","/Users/fokia/CentraleSupelec-CV-and-RL-project/audio/Yung Singh  Boiler Room Melbourne - Boiler Room (720p, h264, youtube).mp3",84.42800903320312,31375.93359375,1.194616675376892,A,minor,1029.7216796875,0.4184397163120567,0.3191489361702128,0.2624113475177305,141.0,0.20912384726758437,2.8826374629168052,38.5684700012207
165,Marlon Hoffstadt,Melbourne,3015,Marlon Hoffstadt - Tell Me Daddy,3239.0,"Marlon Hoffstadt  Boiler Room Melbourne - Boiler Room (720p, h264)","/Users/fokia/CentraleSupelec-CV-and-RL-project/audio/Marlon Hoffstadt  Boiler Room Melbourne - Boiler Room (720p, h264).mp3",154.1862030029297,331751.8125,1.017911434173584,A,minor,4999.71240234375,0.328125,0.44921875,0.22265625,256.0,0.19000601679301804,4.250766990867499,46.07568359375
166,Fred Again..,London,3026,Fred Again.. & Skrillex & Four Tet - Baby Again.. *,3366.0,Fred again.. ｜ Boiler Room： London,/Users/fokia/CentraleSupelec-CV-and-RL-project/audio/Fred again.. ｜ Boiler Room： London.mp3,127.97541046142578,1240957.5,1.2518011331558228,G,minor,12100.8876953125,0.322265625,0.41015625,0.267578125,512.0,0.1491001418229914,4.680475124536298,55.18883514404297
167,AZYR,Teletech,3089,- Frankyeffe - Save me (RiVid A Bit Harder Edit),3290.0,"AZYR  Boiler Room x Teletech Festival 2023 - Boiler Room (720p, h264)","/Users/fokia/CentraleSupelec-CV-and-RL-project/audio/AZYR  Boiler Room x Teletech Festival 2023 - Boiler Room (720p, h264).mp3",161.91452026367188,130417.9375,1.0111600160598757,D,minor,2674.706298828125,0.3122171945701357,0.4389140271493212,0.248868778280543,221.0,0.17736067183567938,5.533314982062542,44.732933044433594
168,Yung Singh,Melbourne,3154,M-Beat & General Levy - Incredible,3262.0,"Yung Singh  Boiler Room Melbourne - Boiler Room (720p, h264, youtube)","/Users/fokia/CentraleSupelec-CV-and-RL-project/audio/Yung Singh  Boiler Room Melbourne - Boiler Room (720p, h264, youtube).mp3",113.28408813476562,18945.76953125,1.2360914945602417,A,minor,734.4010620117188,0.267379679144385,0.3796791443850267,0.3529411764705882,187.0,0.03919894415994475,6.00100181994068,30.807849884033203
169,Chase & Status,London,3180,Bou & Chase & Status ft. Trigga & IRAH & Flowdan & Takura - Baddadan (VIP),inf,"Chase & Status  Boiler Room London - Boiler Room (720p, h264)","/Users/fokia/CentraleSupelec-CV-and-RL-project/audio/Chase & Status  Boiler Room London - Boiler Room (720p, h264).mp3",172.2649688720703,1995047.25,1.048998475074768,F,minor,16632.9296875,0.385,0.375,0.24,200.0,0.25445061993429297,5.334824097486353,41.369388580322266
170,Felix Da Housecat,Circus,3225,James Brown - Bodyheat (Part II),3390.0,"Funky Disco & House Mix Inside a Circus  Felix da Housecat - Book Club Radio (720p, h264, youtube)","/Users/fokia/CentraleSupelec-CV-and-RL-project/audio/Funky Disco & House Mix Inside a Circus  Felix da Housecat - Book Club Radio (720p, h264, youtube).mp3",124.16576385498048,208320.296875,1.5512357950210571,G,minor,3660.5830078125,0.2752293577981651,0.4403669724770642,0.2844036697247706,218.0,0.06225188374709983,3.680263705272887,31.91888427734375
171,Marlon Hoffstadt,Melbourne,3239,Drake - Hotline Bling (Marlon Hoffstadt Remix),3506.0,"Marlon Hoffstadt  Boiler Room Melbourne - Boiler Room (720p, h264)","/Users/fokia/CentraleSupelec-CV-and-RL-project/audio/Marlon Hoffstadt  Boiler Room Melbourne - Boiler Room (720p, h264).mp3",154.6959991455078,327064.4375,1.108442306518555,A,minor,4952.27099609375,0.2860411899313501,0.2974828375286041,0.4164759725400457,437.0,-0.010305503700081459,5.799485601886304,50.77147674560547
172,Yung Singh,Melbourne,3262,JK - Panga Peh Giyah x Minor Forms - Versatile Sound,3422.0,"Yung Singh  Boiler Room Melbourne - Boiler Room (720p, h264, youtube)","/Users/fokia/CentraleSupelec-CV-and-RL-project/audio/Yung Singh  Boiler Room Melbourne - Boiler Room (720p, h264, youtube).mp3",172.26593017578125,31678.203125,1.2740201950073242,F,minor,1036.3575439453125,0.4366197183098591,0.2887323943661972,0.2746478873239437,142.0,0.2888363571572377,6.092557057124399,71.7865219116211
173,Peggy Gou,Amsterdam,3263,Corporation of One - The Real Life [Smokin’ 1989],inf,"Peggy Gou  Boiler Room x Dekmantel Festival Amsterdam - Boiler Room (720p, h264, youtube)","/Users/fokia/CentraleSupelec-CV-and-RL-project/audio/Peggy Gou  Boiler Room x Dekmantel Festival Amsterdam - Boiler Room (720p, h264, youtube).mp3",124.7043914794922,139729.8125,1.714322209358215,C#,minor,2801.19775390625,0.4141414141414141,0.4722222222222222,0.1136363636363636,396.0,0.3169666566157274,1.2885842878012561,41.827579498291016
174,AZYR,Teletech,3290,- Infectious - I need your lovin (95 happy hardcore heavy extended version),inf,"AZYR  Boiler Room x Teletech Festival 2023 - Boiler Room (720p, h264)","/Users/fokia/CentraleSupelec-CV-and-RL-project/audio/AZYR  Boiler Room x Teletech Festival 2023 - Boiler Room (720p, h264).mp3",172.26527404785156,223786.765625,1.0896704196929932,Eb,minor,3840.51220703125,0.4092570036540804,0.4476248477466504,0.1431181485992692,1642.0,0.3790542449567187,5.485586962881993,41.1452522277832
175,Fred Again..,London,3366,Skrillex & Four Tet & Fred again.. ft. Flowdan - Rumble,3573.0,Fred again.. ｜ Boiler Room： London,/Users/fokia/CentraleSupelec-CV-and-RL-project/audio/Fred again.. ｜ Boiler Room： London.mp3,139.5951385498047,778819.375,1.0207103490829468,F#,minor,8856.51171875,0.4273127753303964,0.4361233480176211,0.1365638766519823,227.0,0.3916865741761872,4.964399535913725,19.25403213500977
176,Felix Da Housecat,Circus,3390,Danny Ocean - Hoe¦Ê Verwagtinge (Original Mix),3470.0,"Funky Disco & House Mix Inside a Circus  Felix da Housecat - Book Club Radio (720p, h264, youtube)","/Users/fokia/CentraleSupelec-CV-and-RL-project/audio/Funky Disco & House Mix Inside a Circus  Felix da Housecat - Book Club Radio (720p, h264, youtube).mp3",124.03727722167967,149293.84375,2.002987861633301,F#,minor,2928.25,0.4548022598870056,0.4548022598870056,0.0903954802259887,354.0,0.4777312025399985,5.503385253747305,35.73430252075195
177,Yung Singh,Melbourne,3422,piri & tommy - on and on,3566.0,"Yung Singh  Boiler Room Melbourne - Boiler Room (720p, h264, youtube)","/Users/fokia/CentraleSupelec-CV-and-RL-project/audio/Yung Singh  Boiler Room Melbourne - Boiler Room (720p, h264, youtube).mp3",85.99202728271484,32461.751953125,1.0383845567703247,B,minor,1053.4630126953125,0.3903675538656527,0.4664131812420786,0.1432192648922687,789.0,0.3143327711792767,3.4956936233996023,33.508056640625
178,Felix Da Housecat,Circus,3470,Felix da Housecat - Frankie Meets Pauline,3688.0,"Funky Disco & House Mix Inside a Circus  Felix da Housecat - Book Club Radio (720p, h264, youtube)","/Users/fokia/CentraleSupelec-CV-and-RL-project/audio/Funky Disco & House Mix Inside a Circus  Felix da Housecat - Book Club Radio (720p, h264, youtube).mp3",123.97879791259766,412804.59375,1.3401525020599363,F,minor,5788.27197265625,0.4075235109717868,0.4498432601880878,0.1426332288401254,638.0,0.3148052989737572,2.744245733227153,23.594512939453125
179,Marlon Hoffstadt,Melbourne,3506,"Malugi, Marlon Hoffstadt - Faster Alone",3829.0,"Marlon Hoffstadt  Boiler Room Melbourne - Boiler Room (720p, h264)","/Users/fokia/CentraleSupelec-CV-and-RL-project/audio/Marlon Hoffstadt  Boiler Room Melbourne - Boiler Room (720p, h264).mp3",154.0789031982422,443872.5,1.227218747138977,C,minor,6076.63427734375,0.6,0.2,0.2,5.0,0.4767950534177787,3.9138793233265674,61.18539047241211
180,Yung Singh,Melbourne,3566,Vampire Weekend - A-Punk,inf,"Yung Singh  Boiler Room Melbourne - Boiler Room (720p, h264, youtube)","/Users/fokia/CentraleSupelec-CV-and-RL-project/audio/Yung Singh  Boiler Room Melbourne - Boiler Room (720p, h264, youtube).mp3",178.20582580566406,20838.837890625,1.167210340499878,D,major,782.7901000976562,0.3333333333333333,0.4444444444444444,0.2222222222222222,207.0,0.1914900072878315,4.069823414425191,71.3740234375
181,Fred Again..,London,3573,Fred again.. & Beverly Craven - Promise me,3740.0,Fred again.. ｜ Boiler Room： London,/Users/fokia/CentraleSupelec-CV-and-RL-project/audio/Fred again.. ｜ Boiler Room： London.mp3,132.98043823242188,505542.6875,1.245863914489746,B,minor,6630.06591796875,0.5454545454545454,0.3636363636363636,0.0909090909090909,11.0,0.5445778027496163,4.489874991361034,41.28406524658203
182,Felix Da Housecat,Circus,3688,Roni Griffith - Spys (??? Edit),3857.0,"Funky Disco & House Mix Inside a Circus  Felix da Housecat - Book Club Radio (720p, h264, youtube)","/Users/fokia/CentraleSupelec-CV-and-RL-project/audio/Funky Disco & House Mix Inside a Circus  Felix da Housecat - Book Club Radio (720p, h264, youtube).mp3",124.02790069580078,233325.90625,1.2199312448501587,E,minor,3949.437744140625,0.3333333333333333,0.5,0.1666666666666666,24.0,0.21636678700075876,2.734894921019423,38.23515701293945
183,Fred Again..,London,3740,Fred again.. - Marnie (Wish I Had U) w/ Fred again.. - Faisal (Envelops Me) (Acappella) w/ Fred again.. - ID,3991.0,Fred again.. ｜ Boiler Room： London,/Users/fokia/CentraleSupelec-CV-and-RL-project/audio/Fred again.. ｜ Boiler Room： London.mp3,133.25128173828125,478177.40625,1.2215088605880735,B,major,6387.40966796875,0.3333333333333333,0.5,0.1666666666666666,12.0,0.28678904957714146,5.799185535662873,35.544124603271484
184,Marlon Hoffstadt,Melbourne,3829,Marlon Hoffstadt  - Money On The Dash,4078.0,"Marlon Hoffstadt  Boiler Room Melbourne - Boiler Room (720p, h264)","/Users/fokia/CentraleSupelec-CV-and-RL-project/audio/Marlon Hoffstadt  Boiler Room Melbourne - Boiler Room (720p, h264).mp3",153.91278076171875,342751.71875,1.0607633590698242,C,minor,5110.18310546875,0.3,0.5,0.2,10.0,0.2005730290596479,4.948532640742643,39.30339813232422
185,Felix Da Housecat,Circus,3857,Floorplan - Sun In The Sky,3998.0,"Funky Disco & House Mix Inside a Circus  Felix da Housecat - Book Club Radio (720p, h264, youtube)","/Users/fokia/CentraleSupelec-CV-and-RL-project/audio/Funky Disco & House Mix Inside a Circus  Felix da Housecat - Book Club Radio (720p, h264, youtube).mp3",124.01589965820312,201557.03125,1.1744974851608276,E,minor,3580.525146484375,0.6,0.2333333333333333,0.1666666666666666,60.0,0.47668684561129293,2.458734360569758,38.90264129638672
186,Fred Again..,London,3991,Fred again.. - Angie (I've Been Lost) (ID Remix) w/ Fred again.. - ID,inf,Fred again.. ｜ Boiler Room： London,/Users/fokia/CentraleSupelec-CV-and-RL-project/audio/Fred again.. ｜ Boiler Room： London.mp3,126.80338287353516,757105.4375,1.4123412370681765,B,major,8690.3017578125,0.4615384615384615,0.3846153846153846,0.1538461538461538,39.0,0.40877318596452,4.970630731868683,37.8091926574707
187,Felix Da Housecat,Circus,3998,ID - ID,4380.0,"Funky Disco & House Mix Inside a Circus  Felix da Housecat - Book Club Radio (720p, h264, youtube)","/Users/fokia/CentraleSupelec-CV-and-RL-project/audio/Funky Disco & House Mix Inside a Circus  Felix da Housecat - Book Club Radio (720p, h264, youtube).mp3",125.6191864013672,429314.25,1.1587895154953003,D,minor,5942.3681640625,0.25,0.5,0.25,16.0,0.030769814312256463,1.9111787132062783,42.20245742797851
188,Marlon Hoffstadt,Melbourne,4078,"Narciss, DJ Heartstring -  Heartbreak Repair System",4352.0,"Marlon Hoffstadt  Boiler Room Melbourne - Boiler Room (720p, h264)","/Users/fokia/CentraleSupelec-CV-and-RL-project/audio/Marlon Hoffstadt  Boiler Room Melbourne - Boiler Room (720p, h264).mp3",153.97560119628906,292482.53125,1.4216125011444092,Ab,minor,4595.01611328125,0.3658536585365853,0.3902439024390244,0.2439024390243902,41.0,0.21113397492709202,4.452906579453088,66.62850952148438
189,Estella Boersma,Berlin,4340,Mauro Picotto - Baguette,4510.0,"Estella Boersma  Boiler Room Festival Berlin - Boiler Room (720p, h264, youtube)","/Users/fokia/CentraleSupelec-CV-and-RL-project/audio/Estella Boersma  Boiler Room Festival Berlin - Boiler Room (720p, h264, youtube).mp3",144.00991821289062,110255.28125,1.1149793863296509,Ab,major,2390.053955078125,0.3333333333333333,0.6666666666666666,0.0,3.0,0.41690478114192353,4.2087412174664145,19.031471252441406
190,Marlon Hoffstadt,Melbourne,4352,Marlon Hoffstadt aka DJ Daddy Trance - Call Me,4640.0,"Marlon Hoffstadt  Boiler Room Melbourne - Boiler Room (720p, h264)","/Users/fokia/CentraleSupelec-CV-and-RL-project/audio/Marlon Hoffstadt  Boiler Room Melbourne - Boiler Room (720p, h264).mp3",154.0106201171875,407323.9375,1.1610682010650637,G,major,5736.669921875,0.4545454545454545,0.2424242424242424,0.303030303030303,33.0,0.2547680121418688,5.065140406800839,57.081748962402344
191,Felix Da Housecat,Circus,4380,Theo Parrish - Lake Shore Drive Mixed With Vocals From First Choice - Let No Man Put Asunder,4667.0,"Funky Disco & House Mix Inside a Circus  Felix da Housecat - Book Club Radio (720p, h264, youtube)","/Users/fokia/CentraleSupelec-CV-and-RL-project/audio/Funky Disco & House Mix Inside a Circus  Felix da Housecat - Book Club Radio (720p, h264, youtube).mp3",126.04698181152344,282643.15625,1.1014010906219482,F,minor,4490.86376953125,0.3888888888888889,0.4074074074074074,0.2037037037037037,54.0,0.2269590519051351,2.3899990930451964,49.71975326538086
192,Estella Boersma,Berlin,4510,Sped up version of I Am - Alloy Mental,5168.0,"Estella Boersma  Boiler Room Festival Berlin - Boiler Room (720p, h264, youtube)","/Users/fokia/CentraleSupelec-CV-and-RL-project/audio/Estella Boersma  Boiler Room Festival Berlin - Boiler Room (720p, h264, youtube).mp3",144.67083740234375,327378.28125,1.181172251701355,A,minor,4955.45458984375,0.0,0.0,0.0,0.0,0.09791932459240103,4.833061745665929,42.6148681640625
193,Marlon Hoffstadt,Melbourne,4640,Marlon Hoffstadt - I Got You,4891.0,"Marlon Hoffstadt  Boiler Room Melbourne - Boiler Room (720p, h264)","/Users/fokia/CentraleSupelec-CV-and-RL-project/audio/Marlon Hoffstadt  Boiler Room Melbourne - Boiler Room (720p, h264).mp3",153.98707580566406,286483.09375,1.0744357109069824,Bb,minor,4531.650390625,0.5294117647058824,0.2745098039215686,0.196078431372549,51.0,0.39885128004590653,3.4231775058492735,59.85613250732422
194,Felix Da Housecat,Circus,4667,Funky Junction & KC Flightt - Voices (Lost & Found Original Dub),4890.0,"Funky Disco & House Mix Inside a Circus  Felix da Housecat - Book Club Radio (720p, h264, youtube)","/Users/fokia/CentraleSupelec-CV-and-RL-project/audio/Funky Disco & House Mix Inside a Circus  Felix da Housecat - Book Club Radio (720p, h264, youtube).mp3",125.9941177368164,298322.875,1.2522741556167605,F,minor,4656.29052734375,0.4615384615384615,0.282051282051282,0.2564102564102564,78.0,0.25028728783855625,2.5373003186579948,55.77479553222656
195,Felix Da Housecat,Circus,4890,Freemasons - Uninvited 2014 (feat. Bailey Tzuke) (??? Remix),5070.0,"Funky Disco & House Mix Inside a Circus  Felix da Housecat - Book Club Radio (720p, h264, youtube)","/Users/fokia/CentraleSupelec-CV-and-RL-project/audio/Funky Disco & House Mix Inside a Circus  Felix da Housecat - Book Club Radio (720p, h264, youtube).mp3",125.1397705078125,216199.421875,1.0963349342346191,D,major,3752.77587890625,0.4962406015037593,0.3157894736842105,0.18796992481203,133.0,0.32937961226058776,1.4908039768721022,11.899981498718262
196,Marlon Hoffstadt,Melbourne,4891,Marlon Hoffstadt aka DJ Daddy Trance - Say It Right,inf,"Marlon Hoffstadt  Boiler Room Melbourne - Boiler Room (720p, h264)","/Users/fokia/CentraleSupelec-CV-and-RL-project/audio/Marlon Hoffstadt  Boiler Room Melbourne - Boiler Room (720p, h264).mp3",153.67404174804688,355029.78125,1.0431700944900513,F,minor,5232.11767578125,0.4117647058823529,0.3137254901960784,0.2745098039215686,51.0,0.21723366074897496,4.052412198150942,42.107181549072266
197,Felix Da Housecat,Circus,5070,Robert Owens - I'll Be Your Friend (Original Def Mix),5315.0,"Funky Disco & House Mix Inside a Circus  Felix da Housecat - Book Club Radio (720p, h264, youtube)","/Users/fokia/CentraleSupelec-CV-and-RL-project/audio/Funky Disco & House Mix Inside a Circus  Felix da Housecat - Book Club Radio (720p, h264, youtube).mp3",123.96233367919922,358747.25,1.2260671854019165,F,major,5268.76025390625,0.5905511811023622,0.2834645669291338,0.1259842519685039,254.0,0.48846744764826106,1.6122743912989628,10.452581405639648
198,Estella Boersma,Berlin,5168,sped-up Insomnia by Faithless (?Tiesto or ?Chris Crime Infinity),inf,"Estella Boersma  Boiler Room Festival Berlin - Boiler Room (720p, h264, youtube)","/Users/fokia/CentraleSupelec-CV-and-RL-project/audio/Estella Boersma  Boiler Room Festival Berlin - Boiler Room (720p, h264, youtube).mp3",147.25070190429688,159700.828125,1.194648265838623,B,minor,3063.48583984375,0.4629629629629629,0.3148148148148148,0.2222222222222222,54.0,0.36752039464640296,6.0888640021501494,40.06582260131836
199,Felix Da Housecat,Circus,5315,ID - ID,5458.0,"Funky Disco & House Mix Inside a Circus  Felix da Housecat - Book Club Radio (720p, h264, youtube)","/Users/fokia/CentraleSupelec-CV-and-RL-project/audio/Funky Disco & House Mix Inside a Circus  Felix da Housecat - Book Club Radio (720p, h264, youtube).mp3",123.50521087646484,232832.15625,1.0870901346206665,G,minor,3943.836181640625,0.5,0.125,0.375,8.0,0.1400190860660368,1.2258157757922676,26.205732345581055
200,Felix Da Housecat,Circus,5458,Hot Music - Soho (Pitched Up From 112 to 125),5670.0,"Funky Disco & House Mix Inside a Circus  Felix da Housecat - Book Club Radio (720p, h264, youtube)","/Users/fokia/CentraleSupelec-CV-and-RL-project/audio/Funky Disco & House Mix Inside a Circus  Felix da Housecat - Book Club Radio (720p, h264, youtube).mp3",123.95655822753906,255406.21875,1.3028913736343384,F,major,4196.09375,0.4666666666666667,0.3066666666666666,0.2266666666666666,75.0,0.24913802594344203,0.9699126468879046,12.25661563873291
201,Felix Da Housecat,Circus,5670,Jamie 3:26 & Cratebug - Hit It n Quit It,5860.0,"Funky Disco & House Mix Inside a Circus  Felix da Housecat - Book Club Radio (720p, h264, youtube)","/Users/fokia/CentraleSupelec-CV-and-RL-project/audio/Funky Disco & House Mix Inside a Circus  Felix da Housecat - Book Club Radio (720p, h264, youtube).mp3",124.0218276977539,257909.78125,1.205704689025879,G,minor,4223.607421875,0.52,0.4,0.08,25.0,0.47884249662673883,2.262446107156247,27.82912254333496
202,Felix Da Housecat,Circus,5860,ID - ID,6017.0,"Funky Disco & House Mix Inside a Circus  Felix da Housecat - Book Club Radio (720p, h264, youtube)","/Users/fokia/CentraleSupelec-CV-and-RL-project/audio/Funky Disco & House Mix Inside a Circus  Felix da Housecat - Book Club Radio (720p, h264, youtube).mp3",123.9847412109375,231213.9375,1.240566372871399,C,minor,3925.4501953125,0.3513513513513513,0.4459459459459459,0.2027027027027027,74.0,0.20123410136389697,2.860444663561619,40.50737380981445
203,Felix Da Housecat,Circus,6017,Dangerous Dan & Nicky Night Time & Rhonda INTL. ft. Julian Mitchell - A History (Original Mix),6250.0,"Funky Disco & House Mix Inside a Circus  Felix da Housecat - Book Club Radio (720p, h264, youtube)","/Users/fokia/CentraleSupelec-CV-and-RL-project/audio/Funky Disco & House Mix Inside a Circus  Felix da Housecat - Book Club Radio (720p, h264, youtube).mp3",124.00041961669922,399876.34375,1.4025652408599854,C,major,5666.17919921875,0.5483870967741935,0.25,0.2016129032258064,124.0,0.37301921415568107,1.714290934028844,38.220237731933594
204,Felix Da Housecat,Circus,6250,"Gichy Dan's Beachwood - On A Day Like Today (Todd Terje ""Friendly Children"" Edit)",6450.0,"Funky Disco & House Mix Inside a Circus  Felix da Housecat - Book Club Radio (720p, h264, youtube)","/Users/fokia/CentraleSupelec-CV-and-RL-project/audio/Funky Disco & House Mix Inside a Circus  Felix da Housecat - Book Club Radio (720p, h264, youtube).mp3",123.98387145996094,209197.015625,1.1975300312042236,F,minor,3670.8974609375,0.5833333333333334,0.2708333333333333,0.1458333333333333,48.0,0.48715012229513305,2.7327193515911214,90.6131820678711
205,Felix Da Housecat,Circus,6450,Jerry C King - I Want You (Jerry C. King's Marvin Rework),6750.0,"Funky Disco & House Mix Inside a Circus  Felix da Housecat - Book Club Radio (720p, h264, youtube)","/Users/fokia/CentraleSupelec-CV-and-RL-project/audio/Funky Disco & House Mix Inside a Circus  Felix da Housecat - Book Club Radio (720p, h264, youtube).mp3",124.01164245605467,368126.09375,1.167123317718506,C#,minor,5360.654296875,0.3611911623439001,0.4140249759846302,0.2247838616714697,1041.0,0.16677814451758097,1.8938182732950195,8.993556022644043
206,Felix Da Housecat,Circus,6750,3 Winans Brothers - Dance (Louie Vega Dance Ritual Mix) [feat. The Clark Sisters],inf,"Funky Disco & House Mix Inside a Circus  Felix da Housecat - Book Club Radio (720p, h264, youtube)","/Users/fokia/CentraleSupelec-CV-and-RL-project/audio/Funky Disco & House Mix Inside a Circus  Felix da Housecat - Book Club Radio (720p, h264, youtube).mp3",123.95399475097656,121614.0078125,1.1151418685913086,G,major,2552.34326171875,0.3346613545816733,0.3784860557768924,0.2868525896414343,251.0,0.08052936329671882,1.9960633650083432,16.371952056884766
